k,m,xi,Adjusted Rand Index,Adjusted Rand Index Seed,Davies-Bouldin Index,Davies-Bouldin Index Seed,Silhouette Score,Silhouette Score Seed,Purity Score,Purity Score Seed,Time (s),Time (s) Seed,Iterations,Iterations Seed,dataset
2,1.5,0.3,0.2021977989501672,0,1.1871274327190249,3,0.3469911957060175,3,0.4247086247086247,0,1.6933255195617676,4,12,3,satimage
2,2.5,0.3,0.1995849646754424,0,1.182267903480121,3,0.3468601193128592,3,0.4239316239316239,0,1.3768150806427002,4,14,3,satimage
2,1.5,0.7,0.1997409891424882,0,1.185348022447493,3,0.3470217986460727,3,0.4240870240870241,0,1.885732650756836,3,12,3,satimage
2,1.5,0.5,0.2010576855144344,2,1.185771815652921,3,0.3469896045290802,3,0.4245532245532245,2,1.6182363033294678,3,10,3,satimage
2,2.5,0.5,0.1956371265546741,0,1.1811132936894966,3,0.3469822789663804,3,0.4233100233100233,0,1.909447193145752,3,12,3,satimage
2,3.5,0.3,0.1983979343040964,0,1.1806885389192987,3,0.3468401229539628,3,0.4237762237762237,0,1.7583072185516355,3,12,3,satimage
2,3.5,0.5,0.1952114249500939,3,1.1795514460653287,3,0.3468991381213971,3,0.4226884226884227,0,2.0600175857543945,3,12,3,satimage
2,2.5,0.7,0.195457904702441,0,1.1801073792525072,0,0.3470090921668162,0,0.4191142191142191,0,2.119558334350586,3,13,3,satimage
3,1.5,0.3,0.293621494510155,1,0.8118163720158833,1,0.4373241913867239,1,0.517016317016317,0,1.9989731311798096,4,13,4,satimage
3,1.5,0.5,0.293621494510155,0,0.8118163720158833,0,0.4373241913867239,0,0.517016317016317,0,2.1173906326293945,0,13,0,satimage
2,3.5,0.7,0.1964659664175551,3,1.1786951111509398,0,0.3469255971859514,3,0.42004662004662,0,2.198497772216797,3,13,3,satimage
3,1.5,0.7,0.293621494510155,0,0.8118163720158833,0,0.4373241913867239,0,0.517016317016317,0,2.4390573501586914,3,13,0,satimage
3,2.5,0.3,0.2933606631932373,0,0.811523838058343,3,0.4373324240091965,0,0.5168609168609168,0,2.320243120193481,4,13,4,satimage
3,2.5,0.5,0.2930711625946011,2,0.8113057922269274,0,0.4373235555094518,2,0.5165501165501165,2,2.2705013751983643,4,12,4,satimage
3,2.5,0.7,0.2928179420721795,0,0.81123125880865,0,0.4373121102804349,0,0.5163947163947163,0,1.7254979610443115,2,14,4,satimage
3,3.5,0.3,0.2925838804181866,0,0.8112978478985348,1,0.4373094164247992,0,0.5163947163947163,0,1.6473004817962646,1,15,4,satimage
3,3.5,0.5,0.2925540840634314,0,0.8110833613619777,0,0.4372916518303917,0,0.5162393162393163,0,1.4365026950836182,0,14,4,satimage
3,3.5,0.7,0.2926519609738389,3,0.8109713436072358,3,0.4372760375372578,0,0.5162393162393163,0,2.625731468200684,4,15,4,satimage
4,1.5,0.3,0.4591687248955322,2,0.9652148875216428,2,0.3954065609970235,2,0.6901320901320901,2,2.7247562408447266,4,17,2,satimage
4,1.5,0.5,0.4591687248955322,2,0.9652148875216428,2,0.3954065609970235,2,0.6901320901320901,2,2.6168923377990723,2,17,2,satimage
4,1.5,0.7,0.4591687248955322,2,0.9652148875216428,2,0.3954065609970235,2,0.6901320901320901,2,1.7686607837677002,2,18,2,satimage
4,2.5,0.3,0.3479281444602839,1,1.1329857480664909,4,0.3234791316184202,0,0.5721833721833722,1,4.93505334854126,4,25,3,satimage
4,2.5,0.5,0.4574561085937058,2,0.9638138372203628,2,0.3954193680169972,2,0.6893550893550894,2,3.918689012527466,2,18,2,satimage
4,3.5,0.3,0.4582755871004033,2,0.9642642200175422,2,0.3953894854249404,2,0.6898212898212899,2,2.876203775405884,1,17,1,satimage
4,2.5,0.7,0.4576821230860615,2,0.9629158311369408,2,0.3954333713015693,2,0.6895104895104895,2,3.3562049865722656,2,18,2,satimage
4,3.5,0.5,0.4583212887466136,2,0.9633326305632371,1,0.3954384480527046,1,0.6898212898212899,2,3.7441036701202393,1,22,1,satimage
4,3.5,0.7,0.4579072565902034,1,0.9619726828547088,0,0.3955258735147618,0,0.6896658896658897,0,4.089122295379639,1,23,1,satimage
5,1.5,0.3,0.4615775912657331,2,1.0960550162335063,1,0.3313483841647213,2,0.6707070707070707,0,3.5667970180511475,0,21,0,satimage
5,1.5,0.5,0.461426923558109,2,1.0960608536512766,1,0.3313837834044222,0,0.6708624708624709,0,4.312854051589966,2,27,0,satimage
5,1.5,0.7,0.4601646155595235,4,1.0961801289212123,1,0.3313217946790479,4,0.6711732711732712,4,5.762807846069336,3,34,0,satimage
5,2.5,0.5,0.4544449726458062,2,1.0848875863486604,0,0.3307146943831625,0,0.6728826728826729,0,5.661148548126221,0,32,0,satimage
5,2.5,0.3,0.4563863221374855,2,1.0930505844296772,2,0.3303466808894821,2,0.6708624708624709,0,5.850520372390747,2,37,2,satimage
5,2.5,0.7,0.4534738999024935,0,1.083877206497995,2,0.3298646444738998,0,0.6741258741258741,0,5.757369518280029,4,36,0,satimage
5,3.5,0.3,0.4525089881365696,0,1.087188075527736,0,0.3300864477607214,0,0.6696192696192697,0,7.453716039657593,4,44,4,satimage
5,3.5,0.7,0.4461404094193548,0,1.0745504166014563,0,0.3296261712287109,0,0.6707070707070707,0,4.84735918045044,4,33,0,satimage
6,1.5,0.3,0.5296555411107088,0,1.0231947941638226,0,0.352264860589181,0,0.7412587412587412,0,3.855381727218628,0,22,0,satimage
5,3.5,0.5,0.4495654907768245,0,1.081674538507853,0,0.3297199762544527,0,0.6717948717948717,0,5.193154811859131,0,38,0,satimage
6,1.5,0.5,0.5295229578586402,0,1.023302962466709,0,0.3522675361033296,2,0.7423465423465423,1,3.0857362747192383,0,19,0,satimage
6,2.5,0.3,0.5296963801590079,0,1.0231726831360817,1,0.3521807727438025,1,0.7412587412587412,0,3.238877296447754,1,19,1,satimage
6,1.5,0.7,0.529838119944802,0,1.0233221619145365,0,0.3522542016626319,0,0.7417249417249417,1,4.029752016067505,0,22,0,satimage
6,2.5,0.5,0.5280878052328455,0,1.0239947111524448,0,0.351879775423874,0,0.7398601398601399,0,4.078094482421875,1,24,1,satimage
6,2.5,0.7,0.527667135888916,0,1.023952760713205,0,0.3517280310184134,0,0.7395493395493395,0,3.372841119766236,0,27,0,satimage
6,3.5,0.3,0.5283596345917704,0,1.0233585082485577,2,0.3520328288593609,2,0.7407925407925408,0,4.608477592468262,2,26,2,satimage
6,3.5,0.5,0.5262071454654996,2,1.0219792738511622,1,0.3517141931245128,3,0.7397047397047397,2,4.998759031295776,2,35,2,satimage
6,3.5,0.7,0.522808652369028,0,1.0198858325088225,1,0.3513683961593828,1,0.7384615384615385,1,5.68896222114563,1,36,2,satimage
7,1.5,0.3,0.5652307687050184,0,1.07042947175683,0,0.336810124217596,4,0.799067599067599,0,3.944054126739502,2,22,2,satimage
7,1.5,0.5,0.5652307687050184,0,1.07042947175683,0,0.3367957564279655,4,0.799067599067599,0,3.77897572517395,2,22,2,satimage
7,2.5,0.5,0.5617353077110988,2,1.069286032697164,1,0.3326470930386018,1,0.7982905982905983,0,4.857460975646973,3,32,1,satimage
7,2.5,0.3,0.5636518461725546,1,1.0693009907645912,1,0.3328476645186532,1,0.7992229992229992,1,6.620357275009155,3,39,0,satimage
7,1.5,0.7,0.5650838707189818,4,1.0702621874306122,0,0.3324366663535596,4,0.7998445998445999,4,4.114990949630737,3,29,3,satimage
7,2.5,0.7,0.5590945719800282,1,1.0674777084723075,0,0.3323938435877991,1,0.7973581973581974,1,6.4534101486206055,1,39,1,satimage
7,3.5,0.3,0.5601819276617697,0,1.0735598767025123,0,0.3321157005454319,0,0.7976689976689977,0,4.940286159515381,2,27,2,satimage
7,3.5,0.5,0.5531443820272746,0,1.0704870240455624,4,0.3317111084174887,0,0.7945609945609946,0,7.183341503143311,2,44,2,satimage
8,1.5,0.3,0.5222854124739924,0,1.1453187146229027,4,0.3389258570895732,0,0.7558663558663559,0,6.000009775161743,3,39,0,satimage
7,3.5,0.7,0.5530403702435348,0,1.065814504256697,0,0.3324905591482461,4,0.7944055944055944,0,5.704050064086914,3,37,4,satimage
8,1.5,0.5,0.553337084609996,0,1.1466866415407615,4,0.3172750136988093,0,0.8062160062160062,0,3.898547410964966,3,23,3,satimage
8,2.5,0.3,0.5504419559286684,0,1.1421302172762515,2,0.3157268912919552,0,0.8045066045066045,0,6.34868311882019,2,34,2,satimage
8,1.5,0.7,0.5532466999485799,0,1.147183167875616,2,0.3172512392303521,0,0.8062160062160062,0,8.319212198257446,1,49,2,satimage
8,2.5,0.5,0.5490913423458168,0,1.1410539046871933,4,0.3216211802052627,2,0.8038850038850038,0,8.4951491355896,4,43,4,satimage
8,2.5,0.7,0.5464135073523751,3,1.131591656311996,0,0.3141796575479045,3,0.8027972027972028,3,5.612910509109497,0,37,0,satimage
8,3.5,0.3,0.5473365830293977,2,1.133152541012278,0,0.3216176001355692,4,0.8027972027972028,2,5.620317220687866,1,32,1,satimage
8,3.5,0.5,0.5410006973195252,2,1.1492889360742216,1,0.3217540577086969,0,0.8,2,8.238219976425171,1,45,0,satimage
8,3.5,0.7,0.5250424421801348,0,1.1312099776072515,3,0.321027002070179,0,0.7965811965811965,1,6.690248489379883,1,40,1,satimage
9,1.5,0.3,0.4639693360202302,2,1.2054838109641868,2,0.2919317693147678,2,0.7947163947163948,2,6.682392358779907,0,36,0,satimage
9,1.5,0.5,0.4697347383575046,0,1.204465339228986,2,0.2918190402424044,2,0.7953379953379953,2,8.446427583694458,1,46,1,satimage
9,1.5,0.7,0.4696738501472212,4,1.20434909812408,2,0.2917371031822103,2,0.795959595959596,2,6.021911144256592,0,33,0,satimage
9,2.5,0.3,0.5521740342775631,4,1.1969250329052423,1,0.317922633551973,4,0.8118104118104118,4,8.662904977798462,1,46,3,satimage
9,2.5,0.5,0.4646604513599172,1,1.193296511949713,1,0.2901286583286485,0,0.7961149961149961,0,7.071563005447388,1,40,1,satimage
9,2.5,0.7,0.4609903324012928,1,1.193765259706388,3,0.2899663505687403,1,0.7967365967365967,0,11.055278539657593,4,60,4,satimage
9,3.5,0.3,0.4790186073346635,0,1.195249312989923,4,0.2903910942269713,4,0.8076146076146076,1,6.6452624797821045,3,37,1,satimage
9,3.5,0.5,0.4768713866545934,4,1.1917880321007044,2,0.2892093118244885,0,0.8087024087024087,1,5.74233865737915,1,39,1,satimage
9,3.5,0.7,0.5081987225274021,0,1.19245143295249,2,0.3002601599184581,0,0.7995337995337995,3,8.451534032821655,1,47,1,satimage
10,1.5,0.3,0.4547584119787037,0,1.264112893638064,1,0.2757034352944229,1,0.8017094017094017,0,6.501147508621216,1,35,1,satimage
10,1.5,0.5,0.4569923882845861,4,1.2700577050857134,0,0.2868885827791364,4,0.8017094017094017,0,8.547245979309082,4,45,4,satimage
10,1.5,0.7,0.455489329391508,4,1.2636515062995932,0,0.2864330906749435,4,0.8027972027972028,0,9.28639268875122,4,55,2,satimage
10,2.5,0.3,0.4523700004772655,0,1.1923352988723654,3,0.2855694775333395,0,0.8097902097902098,2,7.4878830909729,3,40,3,satimage
10,3.5,0.3,0.4445229683435276,3,1.1997651477875333,2,0.2795453696057076,2,0.8096348096348096,4,6.440988540649414,1,34,1,satimage
10,2.5,0.5,0.4446020541560808,2,1.2579229306740392,2,0.2716860337994475,2,0.8102564102564103,4,6.701800584793091,1,38,0,satimage
10,2.5,0.7,0.4449552429197266,2,1.2551380184058485,2,0.2712205128206671,3,0.8096348096348096,0,8.493486404418945,0,52,0,satimage
10,3.5,0.5,0.4426983494332367,2,1.251174704249023,2,0.2694462581706323,4,0.8164724164724164,0,8.648286819458008,0,50,0,satimage
11,1.5,0.3,0.4562496428341898,0,1.2299407264295643,0,0.2793128635023443,2,0.8091686091686092,2,7.988997220993042,2,40,3,satimage
11,1.5,0.5,0.4556816347033257,0,1.230125220323817,0,0.2786948417864417,3,0.8147630147630147,2,7.812183141708374,0,39,4,satimage
10,3.5,0.7,0.4395309898123974,3,1.286124588450014,3,0.2677392625677495,4,0.8156954156954157,0,9.781399965286257,0,50,0,satimage
11,1.5,0.7,0.5061973164495859,3,1.218562950755098,3,0.2988792168331914,3,0.8146076146076147,2,9.176674604415894,0,43,2,satimage
11,2.5,0.3,0.4487014988994779,1,1.2321574701930005,0,0.2762195768685734,1,0.8158508158508159,2,8.360065698623657,0,38,0,satimage
11,2.5,0.5,0.4437225716984259,1,1.2541035738340949,1,0.2754648050066131,1,0.8158508158508159,2,7.653981447219849,0,39,0,satimage
11,2.5,0.7,0.44334864241784,1,1.2434900948376624,1,0.2739643932760713,3,0.8146076146076147,2,11.789218664169312,3,58,3,satimage
11,3.5,0.3,0.4409020244650967,4,1.256166835939094,4,0.2748068433171666,4,0.8133644133644133,0,5.674991607666016,0,35,0,satimage
11,3.5,0.5,0.4427273625262959,3,1.2148312911764956,3,0.2705457436817939,3,0.8094794094794094,2,5.319221019744873,1,32,1,satimage
12,1.5,0.3,0.441946984785258,0,1.3350989576953214,0,0.2745667375712041,0,0.8184926184926185,4,6.389663696289063,4,33,4,satimage
11,3.5,0.7,0.4410761074015349,3,1.2159365128914366,3,0.2677147384912772,3,0.8136752136752137,2,8.293171167373657,1,40,1,satimage
12,1.5,0.5,0.4426313117155609,0,1.3235261102524127,4,0.2738823723405694,0,0.8243978243978244,4,8.409937858581543,1,49,4,satimage
12,1.5,0.7,0.4416028574949078,4,1.335499333106972,4,0.2736416431730176,4,0.8163170163170164,1,8.547433137893677,4,55,4,satimage
12,2.5,0.5,0.408589613373634,3,1.311403863368504,3,0.2457356759127663,0,0.8239316239316239,3,6.6754913330078125,2,33,2,satimage
12,2.5,0.3,0.4223874300003793,2,1.3173644136676672,3,0.2594347744159469,2,0.822066822066822,3,7.576295614242554,2,36,2,satimage
12,2.5,0.7,0.4130784306445606,4,1.308007855159752,3,0.252205395322374,4,0.8203574203574203,3,8.369636535644531,3,46,3,satimage
12,3.5,0.3,0.4440810988667126,3,1.2974795659066325,3,0.2565893328893092,0,0.8259518259518259,3,8.698814630508423,4,51,1,satimage
12,3.5,0.5,0.4185512949315573,0,1.2955240306996958,2,0.2523345672490701,0,0.8198912198912199,2,9.7586989402771,0,51,0,satimage
12,3.5,0.7,0.3797268937072014,2,1.40125219427439,4,0.2189124405297752,0,0.8096348096348096,2,13.561725616455078,2,77,0,satimage
13,1.5,0.3,0.4404880048733873,4,1.3016437358624275,0,0.2736478915783218,4,0.8268842268842269,1,9.47446584701538,4,49,0,satimage
13,1.5,0.5,0.4480478522985525,1,1.2383875607721022,1,0.278319316813066,1,0.8222222222222222,4,9.56929850578308,1,49,1,satimage
13,2.5,0.3,0.4073156470584904,0,1.343849466277293,0,0.2460205997167195,3,0.8268842268842269,0,10.448125839233398,0,54,0,satimage
13,1.5,0.7,0.4500132014752666,1,1.2377956270748371,1,0.2783056376503612,1,0.8256410256410256,4,9.747424125671388,1,50,1,satimage
13,2.5,0.5,0.4023534679138259,3,1.370212236005862,3,0.2448735771414204,3,0.8214452214452215,3,9.324174880981444,2,49,2,satimage
13,2.5,0.7,0.4003694496848684,4,1.3625910188068078,4,0.2425228787453531,4,0.8198912198912199,4,8.644044637680054,0,46,0,satimage
13,3.5,0.3,0.4074923937431632,4,1.2937697210404668,4,0.245444220590707,4,0.825019425019425,4,8.46254825592041,1,42,2,satimage
13,3.5,0.5,0.3799325880864708,2,1.3695601055423667,4,0.2237418796077468,2,0.8128982128982128,2,8.80734920501709,2,48,0,satimage
13,3.5,0.7,0.3747646958526159,4,1.3776419525026589,3,0.2181437403891732,3,0.8136752136752137,4,9.818739891052246,3,52,3,satimage
14,1.5,0.3,0.4120923826950007,0,1.3045636381571089,0,0.2513185162522661,0,0.8251748251748252,0,8.453663110733032,2,43,2,satimage
14,1.5,0.5,0.4146838168013616,2,1.3104586564960778,0,0.2545859492152713,2,0.8259518259518259,0,9.197568893432615,2,51,2,satimage
14,1.5,0.7,0.4206168603845002,0,1.3085433232350812,4,0.258694421348181,0,0.8268842268842269,4,8.720242500305176,1,50,2,satimage
14,2.5,0.3,0.3862760068675471,3,1.3834788445763635,3,0.2327103321795223,1,0.8200466200466201,3,7.774118900299072,2,45,1,satimage
14,2.5,0.5,0.425250901576108,3,1.288860484237987,3,0.2566072973429729,3,0.8153846153846154,1,8.734668016433716,0,44,0,satimage
14,3.5,0.3,0.4220259467286272,3,1.3415853973192464,3,0.2478452386084055,3,0.8198912198912199,3,7.438256502151489,1,43,1,satimage
14,2.5,0.7,0.4216785106524774,2,1.3324343622871635,2,0.24732391761363,2,0.8177156177156177,2,8.569206237792969,3,49,3,satimage
14,3.5,0.5,0.3710661881673155,0,1.464311688824134,4,0.2247865141823853,0,0.8125874125874126,3,8.71222734451294,0,45,0,satimage
15,1.5,0.3,0.3860458523495975,3,1.3915143761328346,3,0.2335875561200499,3,0.8225330225330225,3,8.710917949676514,0,42,0,satimage
14,3.5,0.7,0.3443664684619459,1,1.4488051395620032,1,0.1965388611054644,1,0.8066822066822067,1,16.374684810638428,1,83,1,satimage
15,1.5,0.5,0.3870862452750609,0,1.3712878501924972,1,0.2341546047296515,2,0.8248640248640249,0,8.395762920379639,2,47,2,satimage
15,1.5,0.7,0.4067294483535839,1,1.3234965069082143,1,0.2510653638987541,1,0.8259518259518259,1,11.770854949951172,4,60,3,satimage
15,2.5,0.3,0.3761809462173988,1,1.3574570391413086,0,0.2330884393013671,1,0.822066822066822,0,7.393903493881226,4,36,4,satimage
15,2.5,0.5,0.3779282559721219,2,1.4183626071891022,0,0.2298133309856564,3,0.8271950271950272,2,9.430052757263184,3,55,2,satimage
15,3.5,0.3,0.3832634204694272,1,1.397864351581782,1,0.229754608612949,1,0.820979020979021,1,9.144295454025269,0,47,0,satimage
15,2.5,0.7,0.3690197875909703,0,1.4231544460593402,0,0.223178207212689,0,0.8164724164724164,0,13.084219932556152,4,86,1,satimage
15,3.5,0.5,0.3716873690115449,2,1.4468693797086258,3,0.226584700177963,0,0.8174048174048174,1,7.984304428100586,3,59,3,satimage
15,3.5,0.7,0.3564309071573112,0,1.4843708662097517,2,0.2033831474762987,0,0.8082362082362082,2,8.479505777359009,4,53,0,satimage
2,2.5,0.3,0.270100007168326,3,7.822954635612968,4,0.0161259545964232,0,0.6493679308050565,3,2.266226053237915,2,17,3,splice
2,1.5,0.7,0.1924514888863876,4,7.822722620488138,4,0.0159738746985867,3,0.5788423153692615,4,2.327913522720337,2,17,2,splice
2,1.5,0.3,0.3605595561351584,2,7.802884585720879,2,0.016103274864779,0,0.6942781104457751,2,3.30883526802063,4,32,1,splice
2,1.5,0.5,0.1924397968595033,4,7.822418856574004,3,0.0160503538633811,0,0.5785096473719228,4,3.6914660930633545,4,28,0,splice
2,2.5,0.5,0.252007971599958,3,7.823007134363117,4,0.0161329405284434,0,0.6383898868928809,3,2.3330860137939453,2,17,2,splice
2,2.5,0.7,0.1931576046611312,4,7.822566849489362,4,0.0161140505933097,0,0.5798403193612774,4,2.4012842178344727,0,21,2,splice
2,3.5,0.3,0.202728036907801,4,7.823107717796774,1,0.0161251551965071,0,0.58416500332668,4,3.4883580207824707,0,28,0,splice
2,3.5,0.5,0.1958720807552544,4,7.822085651815906,2,0.0160830370128786,0,0.5811709913506321,4,3.0180160999298096,0,22,0,splice
2,3.5,0.7,0.1982706056760128,4,7.822917497341916,4,0.016095750596636,0,0.5825016633399867,4,2.9397647380828857,0,23,0,splice
3,1.5,0.3,0.5134353484583993,2,6.919478230179423,2,0.0128762320625133,0,0.8147039254823686,2,1.9517080783843996,3,16,0,splice
3,1.5,0.5,0.4452005022608988,2,6.939444622223888,3,0.0129279774910297,3,0.783433133732535,2,2.173656463623047,0,26,4,splice
3,1.5,0.7,0.4075619159600485,2,6.94035690760737,3,0.0131018206396891,3,0.7644710578842315,2,2.6332309246063232,0,21,0,splice
3,2.5,0.3,0.5623265284830585,2,6.893772997775586,2,0.0128892628566082,0,0.8359946773120426,2,2.635146379470825,1,20,1,splice
3,2.5,0.5,0.5324744916680654,2,6.906253700187107,2,0.0129180747369332,0,0.823020625415835,2,2.784343242645264,4,22,1,splice
3,2.5,0.7,0.4867751546144687,2,6.934984840172786,2,0.0128779436993809,3,0.8030605455755156,2,1.3231632709503174,3,19,4,splice
3,3.5,0.3,0.5930412430288091,2,6.900255909843757,2,0.0128161781257842,4,0.8496340652029275,2,2.425140142440796,1,20,0,splice
3,3.5,0.5,0.5838581396738589,2,6.896451046345178,2,0.0128667598781363,4,0.8456420492348636,2,1.991229772567749,0,15,0,splice
3,3.5,0.7,0.5741908584581426,2,6.902224889433093,2,0.0129002720885277,4,0.8419827012641384,2,1.9904816150665283,2,16,0,splice
4,1.5,0.3,0.4336420785626658,4,7.053558685720489,2,0.0126401428642034,4,0.8772455089820359,4,3.485175371170044,4,25,4,splice
4,2.5,0.3,0.4479180001165961,2,6.7088336436873774,1,0.0126835563799667,2,0.8892215568862275,2,3.1006667613983154,3,22,3,splice
4,1.5,0.5,0.4236187025799896,4,7.047260729755505,1,0.0128367774111907,0,0.872255489021956,4,3.9706311225891113,4,29,4,splice
4,2.5,0.5,0.4423664630156286,2,6.756629480721805,1,0.0127561944556225,2,0.8862275449101796,2,2.2477283477783203,0,22,3,splice
4,1.5,0.7,0.4035403609325723,0,7.051429648533265,2,0.0129115959485613,0,0.8619427811044578,0,4.886897325515747,2,40,0,splice
4,2.5,0.7,0.4303393933030763,2,6.840396756196876,1,0.0129459908501104,0,0.8795741849634066,0,2.439871072769165,4,27,1,splice
4,3.5,0.3,0.4521013349300741,1,7.058295460027323,1,0.0126512631118213,2,0.8912175648702595,1,3.48755955696106,4,25,4,splice
4,3.5,0.5,0.4462202155519306,1,7.050026746626732,1,0.0127016375980474,2,0.887890884896873,1,3.924513339996338,4,27,4,splice
4,3.5,0.7,0.4411360641443022,2,7.054860617021971,3,0.0127733291796197,1,0.8855622089155023,2,3.142848491668701,4,25,4,splice
5,1.5,0.3,0.3695523551017456,1,7.140429900889774,3,0.0126188573970941,4,0.8975382568196939,4,3.9142777919769287,3,26,3,splice
5,1.5,0.5,0.3597658417036174,4,7.164524570182789,3,0.0125561686524919,4,0.8918829008649368,4,3.618601322174072,2,28,0,splice
5,2.5,0.3,0.4226793424386807,0,7.137167356486782,3,0.0126630242418991,4,0.9055222887558216,4,2.8597424030303955,2,29,2,splice
5,1.5,0.7,0.365551496378548,4,7.1730475957386375,3,0.0127895635948532,4,0.8962075848303394,4,4.239705324172974,2,32,2,splice
5,2.5,0.5,0.412362266742257,0,7.139515653404844,3,0.0126565236439006,4,0.9028609447771124,4,3.7569854259490967,3,26,3,splice
5,2.5,0.7,0.3983423991697459,0,7.155368299175956,3,0.0126958517192256,4,0.9068529607451764,4,3.427520513534546,3,25,3,splice
5,3.5,0.3,0.3739347911175926,3,6.914265457725738,1,0.0108428045790305,4,0.8609447771124418,3,4.085467338562012,0,30,0,splice
5,3.5,0.5,0.3723661726534312,4,6.906701745928014,1,0.0108523331388966,4,0.8579507651363939,3,3.9736268520355225,4,32,4,splice
5,3.5,0.7,0.3671073254004439,4,6.978309246820167,1,0.010902497270064,4,0.8542914171656687,4,3.0617563724517822,1,30,4,splice
6,1.5,0.3,0.3224244019247151,3,7.339199530340895,3,0.011062824053836,4,0.8789088489687292,0,4.440253257751465,2,30,2,splice
6,1.5,0.7,0.3140890847166939,2,7.29865511236271,1,0.0122303171835827,1,0.885894876912841,1,2.9845755100250244,3,24,2,splice
6,2.5,0.3,0.3329529170355934,2,7.224225514611729,4,0.0100812773974075,4,0.8892215568862275,2,3.820102214813232,1,27,1,splice
6,1.5,0.5,0.3051851899968131,3,7.359747472145599,0,0.0114836948663868,3,0.8672654690618763,3,3.1828243732452397,2,30,2,splice
6,2.5,0.5,0.3261911559082482,2,7.282368259007415,4,0.0101761637507862,4,0.8838988689288091,2,4.225396633148193,1,27,1,splice
6,2.5,0.7,0.3152163260780152,2,7.380246080119597,4,0.0109151094526239,4,0.8809048569527611,3,4.830292463302612,2,36,2,splice
6,3.5,0.5,0.353685312436777,2,7.217488614818269,4,0.0093363334092201,1,0.8805721889554224,3,3.735929250717163,4,26,4,splice
6,3.5,0.3,0.3555174732608919,2,7.208353947483694,4,0.0091100367458193,3,0.9045242847638058,3,3.730178833007813,4,26,4,splice
6,3.5,0.7,0.3479304728007948,2,7.219305908597307,4,0.0096859854323013,1,0.8812375249500998,3,3.562173366546631,4,26,4,splice
7,1.5,0.3,0.3005922075562089,4,7.38132029156646,4,0.0088094496132866,4,0.8952095808383234,4,4.675342798233032,1,30,1,splice
7,1.5,0.5,0.2924975007885135,4,7.382435766094495,4,0.0096115334430063,2,0.887890884896873,4,5.047855615615845,1,33,4,splice
7,1.5,0.7,0.2915384564536191,2,7.4277682281597555,1,0.0107964171328685,1,0.8819028609447771,4,4.1586995124816895,0,28,0,splice
7,2.5,0.3,0.3125099614934316,0,7.247128008621826,4,0.0088946804638011,1,0.8968729208250167,1,3.268352746963501,1,29,1,splice
7,3.5,0.3,0.3185235872452146,3,7.360692574931252,3,0.0094442181104556,1,0.9101796407185628,3,3.1666719913482666,3,26,4,splice
7,2.5,0.5,0.3021241022917444,1,7.261614676880809,4,0.0089820087813163,1,0.9001996007984032,0,5.526423454284668,3,39,1,splice
7,2.5,0.7,0.2900704299551779,0,7.278607720410988,4,0.0102374461968887,2,0.8932135728542914,0,4.437748908996582,1,29,1,splice
7,3.5,0.5,0.3173949785577084,3,7.236544515091929,4,0.0096392058120072,1,0.9085163007318696,3,3.9338924884796143,0,26,0,splice
7,3.5,0.7,0.310757643285885,3,7.3338211157264,2,0.0097356764963909,1,0.9051896207584832,3,4.174806356430054,1,29,1,splice
8,1.5,0.3,0.2744556823459035,4,7.449105363949232,4,0.0101871496815167,0,0.919827012641384,4,5.6634626388549805,4,39,4,splice
8,1.5,0.5,0.2705443489486578,4,7.441883618227493,4,0.0102527329622339,0,0.9125083166999336,4,4.053244352340698,4,27,4,splice
8,1.5,0.7,0.2921070605923888,1,7.163263966658933,0,0.010206849839064,0,0.8962075848303394,3,3.4668128490448,4,24,4,splice
8,2.5,0.3,0.2815111301317454,2,7.32203172283772,4,0.0094889671510011,0,0.9021956087824352,4,3.77997636795044,1,26,1,splice
8,2.5,0.5,0.2725898823707036,2,7.324780480967436,4,0.009620279595721,0,0.8998669328010646,4,4.467766284942627,2,32,1,splice
8,2.5,0.7,0.2626681921314811,4,7.340201555083386,1,0.0101930277168708,0,0.9075182967398536,4,3.644801378250122,2,31,2,splice
8,3.5,0.3,0.2817068647488445,1,7.226720090805675,2,0.0085323172849562,2,0.8925482368596142,2,4.26843523979187,1,34,1,splice
8,3.5,0.5,0.2840347495068255,1,7.183036025571667,2,0.0084357961878667,2,0.896540252827678,2,4.173790454864502,0,36,0,splice
8,3.5,0.7,0.2660325878479105,1,7.204551882760146,1,0.0088904347919604,2,0.9021956087824352,2,4.655229568481445,0,32,0,splice
9,1.5,0.3,0.2433978079656128,2,7.048553981758228,3,0.0082508782555818,4,0.9001996007984032,2,3.749886989593506,1,26,1,splice
9,1.5,0.5,0.238970103636154,2,7.1481302895350325,3,0.0096762608275153,4,0.8888888888888888,2,2.948453664779663,1,27,1,splice
9,1.5,0.7,0.2783618405564709,2,6.981513925407833,4,0.0089827470042513,1,0.8905522288755822,1,4.396898746490479,4,35,4,splice
9,2.5,0.3,0.2533509832081992,2,7.372414240073586,4,0.0085656044350068,1,0.9191616766467066,1,3.93309497833252,3,25,1,splice
9,2.5,0.5,0.248305247675806,2,7.454831934112231,2,0.0089240515542175,1,0.9184963406520292,1,4.960166931152344,3,31,3,splice
9,2.5,0.7,0.2481592998138228,1,7.325241340308384,4,0.0091743186929938,1,0.9171656686626748,1,3.5371809005737305,2,23,2,splice
9,3.5,0.3,0.2538564429929803,1,7.011475751319973,4,0.0080774236341908,2,0.906187624750499,3,4.633435964584351,3,32,3,splice
9,3.5,0.5,0.2507560936125689,1,7.013122483097573,4,0.0079992096506358,2,0.9075182967398536,3,4.491738557815552,1,27,1,splice
9,3.5,0.7,0.2403921027504549,1,7.027469946393933,4,0.0079044576762267,4,0.8992015968063872,3,4.412207365036011,1,29,1,splice
10,1.5,0.3,0.2126009425554736,2,7.307359979479145,2,0.0085534338563355,2,0.894544244843646,2,3.641587257385254,4,29,4,splice
10,1.5,0.5,0.213685177525812,2,7.196808094745217,2,0.0095618166820413,2,0.9008649367930806,2,5.022792339324951,4,31,4,splice
10,1.5,0.7,0.2800039447466284,3,6.716653534520782,2,0.0094504210382059,4,0.9011976047904192,4,4.867694616317749,1,30,1,splice
10,2.5,0.3,0.2199824700875056,1,7.099344704396321,2,0.0091475239412914,2,0.8995342648037259,2,4.327232837677002,0,29,2,splice
10,2.5,0.5,0.2147172539066068,2,7.108370569698424,2,0.0091630737759638,2,0.9015302727877578,2,3.7664365768432617,3,30,4,splice
10,2.5,0.7,0.2152463353704682,2,7.068996514090675,2,0.0095880698044821,2,0.9008649367930806,2,5.452915906906128,1,35,1,splice
10,3.5,0.3,0.2229704397459826,2,7.248615355287154,1,0.0085677614401846,1,0.9101796407185628,2,4.490729331970215,4,25,4,splice
10,3.5,0.5,0.222073743846512,2,7.271996072071626,1,0.0084080161827833,1,0.9115103127079176,1,3.927079677581787,2,24,2,splice
10,3.5,0.7,0.21751686078854,2,7.269186495808988,1,0.0087584595090934,1,0.9051896207584832,1,4.865246057510376,4,30,4,splice
11,1.5,0.3,0.1920758499478428,0,7.005075316703758,0,0.0083964627824276,0,0.8922155688622755,2,4.732321262359619,2,33,1,splice
11,1.5,0.5,0.2010853663800475,0,7.006833130971754,0,0.0086436981147277,0,0.8918829008649368,0,3.8205721378326416,1,29,1,splice
11,1.5,0.7,0.2644406454015425,0,6.472737572177061,3,0.0074404633805501,0,0.8922155688622755,0,4.116909980773926,1,25,1,splice
11,2.5,0.3,0.208389403206516,4,7.163399077135751,4,0.0078287144073191,1,0.8888888888888888,1,3.451781272888184,2,28,2,splice
11,2.5,0.5,0.1953916969046201,1,7.198308819382658,4,0.0078906488529073,3,0.8912175648702595,1,4.017071008682251,0,22,0,splice
11,2.5,0.7,0.1916094218104338,1,7.12007800312687,3,0.0090661647498942,3,0.8948769128409847,1,4.959609746932983,2,31,2,splice
11,3.5,0.3,0.2140244423640825,4,6.9172885911029,4,0.0081860525339728,1,0.8922155688622755,1,4.609417200088501,0,27,0,splice
11,3.5,0.5,0.2093737323088746,4,6.8579378676136376,4,0.0083089871587684,1,0.8885562208915503,1,4.229248046875,1,32,1,splice
11,3.5,0.7,0.1959590067661265,1,6.975671391290942,1,0.0085991197060502,1,0.8862275449101796,1,4.736972808837891,0,32,3,splice
12,1.5,0.3,0.1898256171502452,3,7.086825358802193,2,0.0082781367461863,3,0.8978709248170326,3,5.413859128952026,3,32,3,splice
12,1.5,0.5,0.2009134274217444,3,6.982675450035818,3,0.0091531282202466,3,0.8995342648037259,3,5.13749885559082,3,36,0,splice
12,2.5,0.3,0.200188913886979,3,6.892017678300121,2,0.0074377677499572,1,0.8978709248170326,3,4.300123453140259,1,27,1,splice
12,1.5,0.7,0.2739107877413934,2,6.356280037420235,1,0.0061031346184816,3,0.9028609447771124,3,6.421316623687744,3,37,3,splice
12,2.5,0.5,0.197374822071829,3,6.9244163554946185,2,0.0077401394941351,1,0.8942115768463074,3,5.58385968208313,1,31,1,splice
12,2.5,0.7,0.1877467114151834,3,6.97452522339328,0,0.0086602310345493,2,0.8902195608782435,2,6.59033465385437,3,33,1,splice
12,3.5,0.3,0.2044147602666552,2,6.664640940210243,2,0.0078141128373096,1,0.8912175648702595,3,3.604167222976685,4,27,4,splice
12,3.5,0.7,0.1958549723657636,2,6.6382185227733865,2,0.0074031386858297,1,0.8968729208250167,1,5.300536155700684,4,33,4,splice
12,3.5,0.5,0.2051380394318631,2,6.670740630448681,2,0.0078260857624847,1,0.8998669328010646,3,6.75214433670044,2,39,3,splice
13,1.5,0.3,0.1633071928243478,1,7.014115131206239,0,0.0073876976088887,0,0.8915502328675982,4,5.867065906524658,1,32,1,splice
13,1.5,0.5,0.1681568122316789,1,7.07047480257054,0,0.0078325088727042,0,0.8782435129740519,1,4.051480770111084,3,30,1,splice
13,1.5,0.7,0.2572577920045454,3,6.116958052566868,3,0.0074550856843174,1,0.9018629407850964,3,4.492538690567017,2,32,2,splice
13,2.5,0.3,0.1734349391872778,3,6.884086463456659,1,0.0075650419045854,2,0.8932135728542914,4,6.006664514541626,0,32,0,splice
13,2.5,0.5,0.1734998885776462,3,6.703877726226248,1,0.0079121532125543,2,0.8962075848303394,0,4.895735025405884,0,36,0,splice
13,2.5,0.7,0.1748183639497992,2,7.062944208979574,1,0.008170328523073,2,0.8892215568862275,0,4.782576084136963,2,30,4,splice
13,3.5,0.5,0.1781931270618351,2,7.129017474194994,0,0.0077522143278795,4,0.8905522288755822,2,5.426568269729614,2,32,0,splice
13,3.5,0.3,0.1778032879487397,2,7.038685347429841,0,0.0078199283059277,4,0.8902195608782435,2,5.568183422088623,2,33,2,splice
13,3.5,0.7,0.1719017778673957,2,7.127454982148389,4,0.008520403034283,4,0.9045242847638058,4,4.798534631729126,2,31,3,splice
14,1.5,0.3,0.1605620673286166,1,6.932240927451156,0,0.0076241128596229,1,0.8895542248835662,1,5.109007358551025,4,25,4,splice
14,1.5,0.5,0.174161612206201,1,6.7094171751171965,0,0.0089202977807998,0,0.8992015968063872,1,4.831437110900879,4,30,1,splice
14,1.5,0.7,0.2781196646195392,4,5.835909194365285,3,0.0027752593854211,0,0.8995342648037259,4,3.969583034515381,0,27,0,splice
14,2.5,0.7,0.1612175053534033,0,6.939247480263776,3,0.0088945523362875,0,0.9015302727877578,0,3.7038724422454834,0,26,1,splice
14,2.5,0.3,0.1644274592233523,0,6.8772150405320085,3,0.0076861581292859,0,0.9135063206919496,0,5.027522087097168,1,32,1,splice
14,2.5,0.5,0.1596005048753763,0,6.842416844626764,3,0.0078611507758935,0,0.909181636726547,0,5.331953763961792,0,35,4,splice
14,3.5,0.3,0.1708705727346942,0,6.5131036380653,0,0.0068771614825519,3,0.894544244843646,0,6.184437274932861,4,34,4,splice
14,3.5,0.5,0.1725824040244092,0,6.501955828995802,0,0.0069625916411921,3,0.896540252827678,1,5.40754508972168,1,31,1,splice
15,1.5,0.5,0.1443498865863899,2,6.991283956733606,4,0.0080682471467419,0,0.885894876912841,0,5.084524869918823,2,26,2,splice
15,1.5,0.3,0.1414323287789917,0,6.893503521340823,1,0.0076047773970802,0,0.9015302727877578,0,5.696990728378296,0,32,0,splice
14,3.5,0.7,0.1604090054109242,0,6.7143295469674245,0,0.0072089744069341,3,0.8992015968063872,4,6.405108451843262,3,40,1,splice
15,2.5,0.3,0.1413039255275288,4,6.74015966178887,3,0.0061850799247012,2,0.8789088489687292,2,5.133213043212891,4,28,1,splice
15,1.5,0.7,0.2301854585960735,3,5.82461684999502,3,0.0009173722936938,1,0.8769128409846972,2,3.598912715911865,2,27,2,splice
15,2.5,0.5,0.1453771673612686,4,6.758599674422303,3,0.0067546228734994,2,0.8902195608782435,2,5.5886077880859375,2,34,2,splice
15,2.5,0.7,0.1471588237157803,1,6.820719074236775,1,0.0083173063312615,1,0.8606121091151031,2,6.65850567817688,1,37,0,splice
15,3.5,0.3,0.1439274879154676,1,6.775317768818964,4,0.0071516466725204,2,0.8739188290086494,2,3.5781455039978027,3,22,1,splice
15,3.5,0.5,0.1533513845049329,1,6.573362788499555,1,0.007238850452318,2,0.8725881570192947,2,4.286192178726196,3,32,2,splice
15,3.5,0.7,0.1384892580248449,1,6.795941311743687,4,0.0074551043652894,2,0.8825681969394544,2,3.317765951156616,4,29,0,splice
2,2.5,0.3,0.0807095654612701,1,1.8893013609318527,0,0.1812297086909571,0,0.1757575757575757,1,0.2388215065002441,1,19,1,vowel
2,1.5,0.3,0.0809837157531245,1,1.8893013609318527,0,0.1812297086909571,0,0.1757575757575757,1,0.2974836826324463,4,24,1,vowel
2,1.5,0.7,0.0148997036779579,0,1.8893013609318527,0,0.1812297086909571,0,0.1373737373737373,0,0.3808982372283935,0,28,4,vowel
2,1.5,0.5,0.0148997036779579,0,1.8893013609318527,0,0.1812297086909571,0,0.1373737373737373,0,0.3686318397521972,4,27,4,vowel
2,2.5,0.5,0.0308941897133259,4,1.8803931363432096,0,0.1821611066155735,0,0.1464646464646464,4,0.4149243831634521,0,27,4,vowel
2,2.5,0.7,0.0308941897133259,4,1.870102832091204,0,0.1829114106423846,0,0.1464646464646464,4,0.423905611038208,4,31,4,vowel
2,3.5,0.3,0.0807095654612701,1,1.8803931363432096,0,0.1821611066155735,0,0.1757575757575757,1,0.1803698539733886,1,13,1,vowel
2,3.5,0.5,0.0308941897133259,4,1.854162979610724,0,0.1833118949859251,0,0.1464646464646464,4,0.2922005653381347,4,19,4,vowel
2,3.5,0.7,0.0302514123424245,4,1.854162979610724,0,0.1833118949859251,0,0.1464646464646464,4,0.3598673343658447,2,21,4,vowel
3,1.5,0.3,0.0755362176630871,0,1.9826027383585447,2,0.1550540267938892,0,0.1777777777777777,0,-0.9620845317840576,4,17,4,vowel
3,1.5,0.5,0.0745447395516553,0,1.985001625010197,2,0.1546374030297368,0,0.1777777777777777,0,-0.6488118171691895,3,18,4,vowel
3,1.5,0.7,0.0744787143206361,0,1.991585693454308,2,0.1545297228333865,0,0.1777777777777777,0,-0.7567791938781738,2,21,4,vowel
3,2.5,0.3,0.0724042176254027,0,1.978090527428104,2,0.1543394155134214,0,0.1787878787878788,0,-0.6832084655761719,0,19,2,vowel
3,2.5,0.5,0.0729643503693765,0,1.9771023115732729,3,0.1545323062008361,0,0.1787878787878788,0,0.3283250331878662,2,23,2,vowel
3,3.5,0.3,0.0727514522471665,0,1.965129406406965,3,0.1544688799966698,0,0.1787878787878788,0,0.2086031436920166,4,15,4,vowel
3,2.5,0.7,0.0774511558987738,0,1.9811803084801372,2,0.155165957996362,0,0.1828282828282828,0,0.3479869365692138,2,24,4,vowel
3,3.5,0.5,0.0733066616540428,0,1.9624919014199973,3,0.1547294663167421,0,0.1787878787878788,0,0.367192268371582,3,23,2,vowel
3,3.5,0.7,0.0787578110876879,0,1.960485818818693,3,0.155777525858801,0,0.1828282828282828,0,0.2828888893127441,2,22,4,vowel
4,1.5,0.3,0.0955393142463223,3,1.8066732106590704,4,0.1716009146375,4,0.203030303030303,3,0.3034615516662597,0,18,2,vowel
4,1.5,0.5,0.095000120993003,3,1.808325261114588,1,0.1715272608827631,0,0.203030303030303,3,0.3720884323120117,1,22,2,vowel
4,1.5,0.7,0.0922337237417764,3,1.8061671736831744,2,0.1715337105574717,0,0.1979797979797979,0,0.2669692039489746,0,20,2,vowel
4,2.5,0.3,0.0961911799710329,4,1.8069431686863704,3,0.1714677293021651,1,0.206060606060606,4,0.2574818134307861,1,12,2,vowel
4,2.5,0.5,0.0963300962403491,0,1.8101815776296983,1,0.170975269494402,0,0.206060606060606,0,0.3001368045806885,4,19,2,vowel
4,2.5,0.7,0.0955703588558525,0,1.81026982190976,0,0.1706664439173672,0,0.206060606060606,0,0.3745393753051758,2,21,2,vowel
4,3.5,0.3,0.0968094252186708,2,1.8064832212534585,4,0.1715636104760613,4,0.205050505050505,2,0.1425685882568359,2,11,2,vowel
4,3.5,0.5,0.0961976906858274,0,1.8100909948694492,1,0.1709088497308629,0,0.206060606060606,0,0.2815816402435303,2,15,2,vowel
4,3.5,0.7,0.0961143375530537,2,1.8085811781900247,0,0.1708625148875145,0,0.206060606060606,0,0.2812440395355224,2,17,2,vowel
5,1.5,0.3,0.1477640092849011,2,1.8451292511583852,1,0.1539525466898771,1,0.2555555555555555,0,0.4337296485900879,3,26,1,vowel
5,1.5,0.5,0.135350267217345,2,1.8505639852860012,1,0.1539172772864448,1,0.2515151515151515,0,0.4596977233886719,1,24,4,vowel
5,1.5,0.7,0.1336957637172802,2,1.853383720704573,1,0.1537527765582808,1,0.2474747474747475,0,0.3833720684051513,0,26,4,vowel
5,2.5,0.3,0.1316428451686764,4,1.88141910209902,4,0.1529984781041722,2,0.2555555555555555,0,0.3013589382171631,0,21,0,vowel
5,2.5,0.5,0.1347470897047455,4,1.899533610596208,4,0.1531904716329256,2,0.2555555555555555,0,0.3650796413421631,0,27,0,vowel
5,2.5,0.7,0.1380169114954892,1,1.912004708369984,1,0.1520107350697142,1,0.2555555555555555,2,0.4204790592193603,0,30,0,vowel
5,3.5,0.3,0.1309472647910566,4,1.8492011530219612,4,0.1530276047187422,4,0.2565656565656565,2,0.2916786670684814,2,19,2,vowel
5,3.5,0.5,0.132981212477505,4,1.899600510279082,4,0.1518212532210744,4,0.2555555555555555,0,0.3815023899078369,2,24,2,vowel
5,3.5,0.7,0.1329824438819363,4,1.9007192416793448,4,0.1518539876580251,4,0.2585858585858586,3,0.4297878742218017,3,28,3,vowel
6,1.5,0.3,0.1599753141534113,3,1.8932751881313843,0,0.1485632333034166,1,0.2656565656565656,3,0.3621864318847656,0,21,4,vowel
6,1.5,0.5,0.1595597995972562,3,1.887920794156421,0,0.1484616311121496,3,0.2656565656565656,3,0.3888430595397949,2,25,2,vowel
6,1.5,0.7,0.1520032269635615,1,1.862960158183717,1,0.1490984176729775,3,0.2646464646464646,1,0.4303436279296875,2,29,2,vowel
6,2.5,0.3,0.1613489367562733,3,1.8486376812389635,1,0.1481927369335192,3,0.2717171717171717,4,0.2659685611724853,3,21,3,vowel
6,2.5,0.5,0.1490591778756083,1,1.8449620012220516,1,0.14742059810759,2,0.2646464646464646,1,0.565274715423584,1,31,1,vowel
6,2.5,0.7,0.1401320019974189,1,1.884592708457821,0,0.1478745101144827,4,0.2575757575757575,0,0.5251662731170654,2,33,2,vowel
6,3.5,0.3,0.1451843772836002,2,1.87866661536532,2,0.1494527260451704,4,0.2575757575757575,1,0.3337283134460449,1,22,1,vowel
6,3.5,0.5,0.1443994277090916,1,1.8722065718082783,1,0.1489432067229003,2,0.2666666666666666,0,0.485361099243164,1,30,1,vowel
7,1.5,0.3,0.1508702014917651,3,1.817796168124516,0,0.1483512562079003,1,0.2909090909090909,2,0.3411033153533935,3,27,2,vowel
6,3.5,0.7,0.1466926527149699,1,1.8226544655303591,2,0.1501639452544794,2,0.2636363636363636,2,0.5664072036743164,1,39,1,vowel
7,1.5,0.5,0.1610355026006295,2,1.8177961681245156,4,0.1494904397698745,0,0.301010101010101,2,0.3021271228790283,2,21,2,vowel
7,1.5,0.7,0.1414911327027126,4,1.8172990445899213,4,0.1539051472147247,1,0.2808080808080808,2,0.6325173377990723,0,41,1,vowel
7,2.5,0.3,0.1501448581557639,3,1.8214654228521765,0,0.1484721854769198,4,0.2808080808080808,4,0.4086747169494629,0,24,1,vowel
7,2.5,0.5,0.1422271897730547,3,1.802075160753427,0,0.1486316719521706,0,0.2797979797979798,4,0.4456851482391357,1,27,1,vowel
7,3.5,0.3,0.1535270414044977,3,1.8046404097773336,2,0.1503649647977691,2,0.2787878787878788,1,0.3604302406311035,2,23,2,vowel
7,2.5,0.7,0.1499796175333669,3,1.7948953822438474,0,0.1502731232252369,0,0.2777777777777778,1,0.7422788143157959,1,45,1,vowel
7,3.5,0.5,0.1492943450121049,3,1.8114970037762057,2,0.1482438813091333,0,0.2818181818181818,1,0.3911201953887939,1,27,1,vowel
8,1.5,0.3,0.1556027313924274,1,1.829782267830868,3,0.156877192530654,3,0.2858585858585858,4,-0.7241744995117188,3,26,4,vowel
8,1.5,0.5,0.1571025843727662,1,1.8285763279493712,3,0.1567387340964239,3,0.2868686868686869,0,-0.5901651382446289,2,26,0,vowel
7,3.5,0.7,0.162765886906009,0,1.801459874246547,1,0.1448662908433311,1,0.2909090909090909,0,-0.0744712352752685,3,44,0,vowel
8,2.5,0.3,0.1488358089099752,1,1.8084197215274196,4,0.1530173030320015,3,0.2838383838383838,1,0.3445370197296142,0,24,1,vowel
8,1.5,0.7,0.1561813228882601,1,1.802609742285804,4,0.1555677012342518,2,0.2909090909090909,0,-0.5900506973266602,0,40,0,vowel
8,3.5,0.3,0.145800036647246,4,1.80384967230363,4,0.1527635105160668,4,0.2878787878787879,2,0.3335847854614258,0,23,0,vowel
8,2.5,0.5,0.1543697635683724,3,1.7793794955792626,3,0.1538902293677421,1,0.2838383838383838,1,0.626929521560669,2,37,2,vowel
8,2.5,0.7,0.1609023306882268,3,1.776543215338105,0,0.1523917490730186,1,0.2888888888888888,3,0.6740262508392334,1,50,0,vowel
8,3.5,0.5,0.1489818234979442,1,1.770252299759126,0,0.1519104914611062,4,0.2949494949494949,2,0.5624814033508301,4,39,4,vowel
9,1.5,0.3,0.1743712710404835,1,1.807132210730288,4,0.1573455126896993,2,0.3171717171717171,1,0.3159999847412109,3,22,3,vowel
9,1.5,0.5,0.1509921580786783,3,1.7481264445131806,0,0.1582054076415475,4,0.2939393939393939,3,0.3979525566101074,3,26,3,vowel
8,3.5,0.7,0.1504530246377449,2,1.7548464860752786,4,0.1459510226739117,3,0.3,2,0.5593783855438232,4,40,4,vowel
9,1.5,0.7,0.1508376206237008,4,1.7830579846150547,4,0.1558374660609985,2,0.302020202020202,1,0.5513262748718262,1,38,1,vowel
9,2.5,0.3,0.1674426475883446,1,1.7388712503959576,0,0.1559941795731185,2,0.3101010101010101,1,0.4777905941009521,1,29,1,vowel
9,2.5,0.5,0.1620438046295204,1,1.7204451104391418,2,0.157590083110755,2,0.307070707070707,3,0.4719636440277099,0,32,0,vowel
9,3.5,0.3,0.1532275657084742,2,1.7888686472533872,0,0.1539534090630526,2,0.298989898989899,4,0.3524014949798584,3,24,2,vowel
9,2.5,0.7,0.1645087323069496,0,1.71402985213325,2,0.1555801136075033,2,0.308080808080808,0,0.673736572265625,3,49,3,vowel
9,3.5,0.5,0.1602120680621546,2,1.728988030643885,0,0.1523384269495113,2,0.308080808080808,4,0.5527818202972412,1,40,3,vowel
10,1.5,0.3,0.1602818817062544,4,1.7143169048037332,4,0.1595656639471046,4,0.3121212121212121,2,0.3307368755340576,0,22,0,vowel
10,1.5,0.5,0.1691669205982415,2,1.7149851036923105,4,0.1597947296504382,4,0.3191919191919192,0,0.4056923389434814,0,31,4,vowel
9,3.5,0.7,0.1560606921921444,2,1.7171495168244593,3,0.1509671794299606,1,0.301010101010101,2,0.8072059154510498,1,50,1,vowel
10,1.5,0.7,0.1694027027227775,2,1.7146171005292363,4,0.1608208883309402,4,0.3151515151515151,2,0.4611539840698242,0,30,0,vowel
10,2.5,0.3,0.165285850409332,1,1.7212822498423914,2,0.1615242737742548,2,0.307070707070707,1,0.41552734375,3,32,1,vowel
10,2.5,0.5,0.1668578857773042,1,1.6886078112091858,2,0.1625201071850941,2,0.3101010101010101,1,0.5946662425994873,1,44,1,vowel
10,3.5,0.3,0.1612769823505763,4,1.7234994632283005,2,0.1600611574709719,2,0.3252525252525252,4,0.3782398700714111,4,29,4,vowel
10,2.5,0.7,0.169006922040703,1,1.687925179841438,4,0.1548529960729343,4,0.3141414141414141,1,0.7779037952423096,2,56,2,vowel
10,3.5,0.5,0.1683664916485731,1,1.681397676805344,1,0.1601656856749924,4,0.3212121212121212,1,0.6908082962036133,2,47,2,vowel
11,1.5,0.3,0.1622076736306291,0,1.722636597380735,3,0.1631639831881056,3,0.3383838383838384,0,0.9701335430145264,0,25,4,vowel
11,1.5,0.5,0.1707492413537542,0,1.7048960485033675,2,0.1613903506747153,4,0.3252525252525252,0,1.0333096981048584,4,25,4,vowel
10,3.5,0.7,0.1573667310970943,2,1.67739205097043,4,0.1563094223061401,1,0.3131313131313131,2,1.075037717819214,0,51,2,vowel
11,1.5,0.7,0.1825138632830204,0,1.683265528271228,3,0.1633624228899031,4,0.3414141414141414,0,1.6940968036651611,1,39,1,vowel
11,2.5,0.3,0.1587310037851504,3,1.710972688182152,2,0.1651462445714097,2,0.3383838383838384,1,0.8469498157501221,2,26,1,vowel
11,2.5,0.5,0.1630998270493361,0,1.6810822771583416,3,0.1612788570242268,0,0.3414141414141414,1,1.6489567756652832,1,34,1,vowel
11,3.5,0.3,0.1666227753951518,3,1.7354986873295877,3,0.1612060799610636,3,0.3393939393939394,3,1.43786883354187,1,29,1,vowel
11,2.5,0.7,0.1653056010598117,2,1.6930021643987925,3,0.1579092804699376,2,0.3343434343434343,2,2.568573474884033,1,50,1,vowel
11,3.5,0.5,0.1646180539500878,3,1.727577733456821,3,0.1614935877219659,3,0.3353535353535353,1,2.474170446395874,1,50,1,vowel
12,1.5,0.3,0.1697909402274181,3,1.6949423658807443,2,0.165851217453928,2,0.3474747474747475,3,1.418776273727417,4,25,4,vowel
11,3.5,0.7,0.1627582809613305,3,1.6775909723396352,2,0.1503518900356391,2,0.3292929292929293,4,2.6680784225463867,4,66,2,vowel
12,1.5,0.7,0.1661024156685048,3,1.650086055088769,2,0.1671467875312633,3,0.3454545454545454,3,2.051401376724243,3,38,2,vowel
12,2.5,0.3,0.1587480092238652,0,1.6932781007532205,0,0.1715414348826534,0,0.3353535353535353,4,0.5880472660064697,2,27,3,vowel
12,1.5,0.5,0.169144276500583,3,1.6613563415489363,4,0.1671485971799254,4,0.3373737373737374,3,1.6461045742034912,1,28,1,vowel
12,3.5,0.3,0.1587410195169459,1,1.6748473870836085,2,0.1713007895082525,2,0.3404040404040404,0,1.4375183582305908,4,27,4,vowel
12,2.5,0.5,0.1532347775298592,0,1.642162027221883,2,0.1663946717253512,2,0.3272727272727272,1,2.3349320888519287,1,45,1,vowel
12,3.5,0.5,0.1600642649527311,1,1.6809372399350986,2,0.1653204139065018,2,0.3434343434343434,0,2.1668736934661865,0,42,0,vowel
12,2.5,0.7,0.1566683977627534,1,1.6756312150557118,3,0.1614977166344133,3,0.3262626262626262,1,2.3110992908477783,1,46,1,vowel
13,1.5,0.3,0.1734674580307026,2,1.680975984439931,0,0.1708384339229448,0,0.3575757575757576,2,1.6776914596557615,0,29,0,vowel
13,1.5,0.5,0.1861540819321866,2,1.6881115840094127,0,0.1705586933857118,0,0.3696969696969697,2,1.5734295845031738,4,27,0,vowel
13,1.5,0.7,0.1574067033120023,3,1.6896356246529634,0,0.1676153745537833,0,0.3484848484848485,3,1.5951826572418213,2,45,0,vowel
12,3.5,0.7,0.1544205185474833,0,1.6086980540487403,2,0.1582619052813784,2,0.3333333333333333,1,3.1177473068237305,1,60,1,vowel
13,2.5,0.3,0.1650668957261732,3,1.5906663496503068,0,0.1719595157319729,1,0.3535353535353535,1,0.3963103294372558,0,26,0,vowel
13,3.5,0.3,0.165775182884269,1,1.6755717158090933,0,0.172748205664327,1,0.3545454545454545,1,1.6664447784423828,1,30,1,vowel
13,2.5,0.5,0.1514701459832357,2,1.588307449195934,0,0.1698460472280401,2,0.3343434343434343,2,2.04822301864624,0,34,0,vowel
13,2.5,0.7,0.155247694423865,1,1.589193967580388,0,0.1688514173418004,2,0.3444444444444444,1,3.645676612854004,1,70,1,vowel
14,1.5,0.3,0.1650152406803517,4,1.7154708944209016,0,0.1699116419001642,0,0.3717171717171717,0,1.3582088947296145,3,25,3,vowel
13,3.5,0.5,0.1548611050257517,0,1.6130520442226874,0,0.1711125808444261,1,0.3505050505050505,0,3.621257066726685,1,67,1,vowel
14,1.5,0.5,0.1705411415330521,0,1.6928504983522628,4,0.1720325054910526,3,0.3747474747474748,0,0.7299439907073975,1,33,1,vowel
14,2.5,0.3,0.1464870339963834,3,1.6598777124401798,2,0.1755203841556469,2,0.3474747474747475,4,0.15590500831604,0,24,0,vowel
13,3.5,0.7,0.1505468780090716,0,1.6902698791764454,3,0.158592491139027,3,0.3353535353535353,3,2.9198241233825684,0,55,0,vowel
14,1.5,0.7,0.1806709351998156,1,1.6994364731330005,3,0.16932039121288,3,0.3757575757575757,1,2.3488399982452397,2,40,2,vowel
14,3.5,0.3,0.1592574189763692,2,1.627562959273861,3,0.1683119506694253,0,0.3565656565656566,1,1.583827018737793,3,27,3,vowel
14,2.5,0.5,0.1661517802967466,1,1.643245433751207,3,0.1707255547446908,1,0.3606060606060606,3,2.277357339859009,1,41,0,vowel
14,2.5,0.7,0.1590798306083914,1,1.584552615663046,2,0.1700551728439822,1,0.3434343434343434,1,3.1668052673339844,0,55,0,vowel
15,1.5,0.3,0.1745372865650898,4,1.6457711554692638,4,0.177112373396075,4,0.3797979797979798,4,1.046931266784668,4,25,1,vowel
14,3.5,0.5,0.1607018389824361,2,1.5949724927019189,3,0.1684701470262321,0,0.3525252525252525,2,2.0594279766082764,4,45,1,vowel
15,1.5,0.5,0.1672892062612596,4,1.6437702924920323,0,0.1807220569685843,0,0.3737373737373737,0,2.3795583248138428,4,42,4,vowel
15,2.5,0.3,0.1713899876173094,1,1.6303473564136537,2,0.1779885278677896,2,0.3727272727272727,1,1.5930616855621338,1,27,1,vowel
14,3.5,0.7,0.1492492990941283,1,1.6347642946993497,3,0.1624141972319482,0,0.3626262626262626,1,3.6132285594940186,1,62,1,vowel
15,1.5,0.7,0.1766230798973601,4,1.6253406780823056,3,0.1730916357472188,4,0.3797979797979798,4,1.99407958984375,0,35,0,vowel
15,3.5,0.3,0.1714915592992311,1,1.6309327983534998,2,0.1735952226528892,4,0.3747474747474748,1,2.128896713256836,4,38,4,vowel
15,2.5,0.5,0.16266498501828,4,1.6210669461540372,0,0.1741778916445518,2,0.3747474747474748,4,2.281335592269897,3,41,3,vowel
15,3.5,0.5,0.1557609084809686,1,1.6343240112542894,1,0.1707835920785771,2,0.3555555555555555,1,1.5445280075073242,4,53,3,vowel
15,2.5,0.7,0.1648409127538148,1,1.6322216564881606,0,0.1680938009825594,0,0.3868686868686868,1,2.4819934368133545,4,76,4,vowel
15,3.5,0.7,0.1549181891602677,1,1.6471695151311887,2,0.1651965353082458,4,0.3737373737373737,1,1.1451992988586426,2,84,2,vowel
