k,m,xi,Adjusted Rand Index,Davies-Bouldin Index,Silhouette Score,Time (s),Iterations
2,1.5,0.3,0.1927791498875849,1.1871274327190249,0.3469911957060175,0.8958945274353027,15
2,1.5,0.5,0.1930204620823288,1.185771815652921,0.3469896045290802,1.2141618728637695,21
2,1.5,0.7,0.1934607272376295,1.1854870879982398,0.3470219692467528,0.9439747333526612,17
2,2.0,0.3,0.1937979219599702,1.1850759318966522,0.3470240257299125,0.8595712184906006,15
2,2.0,0.5,0.1949128453056705,1.1828020213606254,0.3470304561160312,1.0029971599578855,17
2,2.0,0.7,0.1946751582355663,1.182210233338103,0.3470953183813741,0.8847079277038574,16
2,2.5,0.3,0.1948061225240084,1.182267903480121,0.3468601193128592,1.170313596725464,20
2,2.5,0.5,0.1950532521850007,1.1811132936894966,0.3469822789663804,0.8955976963043213,16
2,2.5,0.7,0.195457904702441,1.1801073792525072,0.3470090921668162,1.0709688663482666,17
3,1.5,0.3,0.293621494510155,0.8118163720158833,0.4373241913867239,0.9865341186523438,16
3,1.5,0.5,0.293621494510155,0.8118163720158833,0.4373241913867239,1.1447625160217283,18
3,1.5,0.7,0.293621494510155,0.8118163720158833,0.4373241913867239,1.202826738357544,19
3,2.0,0.3,0.2933494151186947,0.8117040426010244,0.437319393980514,0.8900108337402344,15
3,2.0,0.5,0.2930908781252594,0.811523838058343,0.4373205831216504,0.9407050609588624,16
3,2.0,0.7,0.2928371856236137,0.8113748584516965,0.4373208048219623,1.1108193397521973,18
3,2.5,0.3,0.2930908781252594,0.811523838058343,0.4373205831216504,0.967266082763672,15
3,2.5,0.5,0.2930711625946011,0.8113076721777928,0.4373235555094518,0.9356520175933838,15
3,2.5,0.7,0.2928179420721795,0.81123125880865,0.4373121102804349,1.1147499084472656,17
4,1.5,0.3,0.4591687248955322,0.9652148875216428,0.3954065609970235,1.3985545635223389,21
4,1.5,0.5,0.3464944246413959,1.138300860759656,0.3223894885539384,1.9387526512146,32
4,1.5,0.7,0.3463663242602731,1.1374657404242268,0.3225186225388456,1.8538031578063965,33
4,2.0,0.3,0.3456508033293285,1.137027944396039,0.3226086535996125,2.0660126209259038,36
4,2.0,0.5,0.3463287800167876,1.133754250067747,0.3231640530023157,2.104376077651977,34
4,2.0,0.7,0.3462112714804497,1.132533324330035,0.3232518622641138,1.8995931148529053,33
4,2.5,0.3,0.347718942024922,1.1332425078807988,0.3234791316184202,1.7685542106628418,29
4,2.5,0.5,0.3468719672399445,1.1307563505486915,0.3233454573180618,1.805903673171997,30
4,2.5,0.7,0.3467400288586185,1.128823689256521,0.3235570003837533,2.6088287830352783,44
5,1.5,0.3,0.4614847489500686,1.1005874653195875,0.3313577317453224,2.7886171340942383,47
5,1.5,0.5,0.4613341760616509,1.099897627806337,0.3313837834044222,3.0163369178771973,52
5,1.5,0.7,0.4601646155595235,1.0977347329889784,0.3313217946790479,3.2937490940093994,55
5,2.0,0.3,0.5239647347818732,1.122931963398927,0.3490241831519728,1.1803114414215088,19
5,2.0,0.5,0.419866184436671,1.097160116249147,0.316665066836181,3.103034019470215,49
5,2.0,0.7,0.4542239573193501,1.088844830838802,0.3306400037369884,3.5412213802337646,60
5,2.5,0.3,0.4561502457215559,1.093310762154823,0.3303064848910419,3.952706098556519,68
5,2.5,0.5,0.4539189853294433,1.0848875863486604,0.3307146943831625,2.543339967727661,41
5,2.5,0.7,0.4532199212003507,1.0838823599716676,0.3298548644769106,5.3185319900512695,93
6,1.5,0.3,0.5296555411107088,1.0231947941638226,0.352264860589181,1.403688669204712,23
6,1.5,0.5,0.5295229578586402,1.023302962466709,0.3522589713058532,1.2244105339050293,20
6,1.5,0.7,0.529838119944802,1.0233221619145365,0.3522542016626319,1.345996379852295,23
6,2.0,0.3,0.5299205653027936,1.0238234526062036,0.3521888448593498,1.30694317817688,21
6,2.0,0.5,0.5287905895322284,1.024364129437174,0.3520039255814948,1.4814047813415527,24
6,2.0,0.7,0.5284108989340386,1.0246057383818332,0.3518759764087408,1.429255723953247,24
6,2.5,0.3,0.529215768802509,1.0242332618510843,0.3519391115092636,1.428370475769043,23
6,2.5,0.5,0.5278263632631289,1.0240651444263096,0.3518392453642858,1.447317600250244,22
6,2.5,0.7,0.5277137163074858,1.0240571290377154,0.3516752090662264,1.571012258529663,27
7,1.5,0.3,0.5652307687050184,1.07042947175683,0.3321963323867254,1.874833106994629,29
7,1.5,0.5,0.4595707283297494,1.099522193504654,0.3003360059176909,3.070555686950684,49
7,1.5,0.7,0.4592754841078332,1.099819172733335,0.3002230779306854,2.437086820602417,38
7,2.0,0.3,0.5644017590627424,1.068141650178245,0.3324384485143533,1.0685691833496094,17
7,2.0,0.5,0.4661214346123767,1.0952972007670547,0.2991396995716259,2.440371036529541,39
7,2.0,0.7,0.4562042734719398,1.105391708420116,0.3000938587790167,1.7995564937591553,28
7,2.5,0.3,0.5639305993309148,1.0688016230430286,0.3328117350420017,1.3111796379089355,21
7,2.5,0.5,0.4547434500400977,1.1066086867546407,0.2997955379009037,3.599215507507324,59
7,2.5,0.7,0.4520625344468176,1.1079066265283088,0.2994838035570085,2.913931131362915,48
8,1.5,0.3,0.4356622568178482,1.1453187146229027,0.2979023096112435,2.8061602115631104,41
8,1.5,0.5,0.4319648752384248,1.147341184474682,0.2980929966078817,2.379574775695801,37
8,1.5,0.7,0.4318414268204252,1.146817914462067,0.2981128742954324,2.015859603881836,32
8,2.0,0.3,0.4313398299341003,1.145458156373576,0.2979820188620826,6.31832480430603,100
8,2.0,0.5,0.4888158183082013,1.1921939251208309,0.290114542518459,2.406661033630371,37
8,2.0,0.7,0.5498664825950645,1.1748479109377954,0.3154912628730045,5.140053987503052,83
8,2.5,0.3,0.5335654091289335,1.184978549979835,0.3200335222327008,1.982449531555176,30
8,2.5,0.5,0.53403146484432,1.1716007879198842,0.3216211802052627,2.162491798400879,35
8,2.5,0.7,0.5339006395598677,1.1700211272815642,0.3217647975647031,2.4784200191497803,39
9,1.5,0.3,0.4166814729593845,1.223889121026791,0.2806153584883257,4.208508491516113,62
9,1.5,0.5,0.4172125542160196,1.2183713315423406,0.2803456378441251,3.8295161724090576,53
9,1.5,0.7,0.4171748482740784,1.2183541380422396,0.2803308401954276,3.705838680267334,55
9,2.0,0.3,0.4637126966057407,1.199407609455966,0.2916009099837569,2.159673929214477,33
9,2.0,0.5,0.4151540202666097,1.2157679613460717,0.279112192795599,3.953397035598755,61
9,2.0,0.7,0.4626608803704684,1.1971372881892084,0.290773981927849,4.348552465438843,69
9,2.5,0.3,0.4609659231365078,1.19862182760908,0.2907157166108748,1.607475996017456,25
9,2.5,0.5,0.4607898159787528,1.194474674880083,0.2901286583286485,2.058665037155152,32
9,2.5,0.7,0.4609191659775439,1.1937652597063884,0.2898117010173314,3.063138246536255,48
10,1.5,0.3,0.4547584119787037,1.272316852011158,0.2738270515656724,4.50916051864624,70
10,1.5,0.5,0.4543507319304457,1.2703944160631813,0.2734586379186914,5.238659620285034,77
10,1.5,0.7,0.4515974820622028,1.2638802974058734,0.275179633402016,4.597930908203125,68
10,2.0,0.3,0.4490287333361242,1.263182204683114,0.2750614262170932,2.295335531234741,34
10,2.0,0.5,0.4478110534571741,1.3563182491717547,0.2729355889700685,5.160778284072876,80
10,2.0,0.7,0.4278424788954913,1.30126204729075,0.2603473539332233,4.4349565505981445,67
10,2.5,0.3,0.4449117310066149,1.2602830439771842,0.2732732343503196,3.373687744140625,51
10,2.5,0.5,0.4448925366203158,1.2579209190748724,0.2716425498202702,3.314972162246704,49
10,2.5,0.7,0.4449552429197266,1.2551380184058485,0.2710225031175427,4.056517601013184,59
11,1.5,0.3,0.41091928690867,1.4423728145513297,0.2476480239929083,4.356106996536255,64
11,1.5,0.5,0.455601997040597,1.2301693223472503,0.2767950192671643,3.6021957397460938,54
11,1.5,0.7,0.4544692456488318,1.2415580281112433,0.2765551755747583,4.085805416107178,60
11,2.0,0.3,0.4316871665877506,1.3905368878350537,0.2555545278575342,4.172701120376587,62
11,2.0,0.5,0.4310845293370283,1.3925747820720014,0.2551134999896614,3.877421617507935,59
11,2.0,0.7,0.430159101047622,1.3952616287834976,0.2549447005419396,5.921979665756226,88
11,2.5,0.3,0.4305166014974495,1.3906248994155102,0.2547769439369839,2.983433246612549,44
11,2.5,0.5,0.4280395416325906,1.388033380700321,0.2527616960561678,2.875380039215088,43
11,2.5,0.7,0.4080185508067336,1.3429431587223637,0.2406916650010959,4.2049720287323,62
12,1.5,0.3,0.3938835464892227,1.4689336016113186,0.2314486576703533,2.620046377182007,38
12,1.5,0.5,0.3921991858391651,1.4679610350288452,0.2310630300787975,3.7439258098602295,54
12,1.5,0.7,0.3917021164053448,1.4664584721697995,0.2305782701750125,3.538657665252685,52
12,2.0,0.3,0.410238443102091,1.3777890465096634,0.2448125529205161,4.290385246276856,62
12,2.0,0.5,0.3889869586418247,1.4596108942130217,0.2283717032132448,3.4649078845977783,49
12,2.0,0.7,0.4280389991873999,1.3505463600008556,0.2565323959297449,5.2038657665252686,76
12,2.5,0.3,0.4283901670924387,1.3458395412812096,0.2558906560120098,2.550450563430786,37
12,2.5,0.5,0.4258918284253095,1.3677114696744894,0.2567173400715273,3.312154054641724,48
12,2.5,0.7,0.4164781764765741,1.47071184908687,0.2496012495223131,3.687413692474365,53
13,1.5,0.3,0.4190447501438394,1.4159157074038236,0.2564097230451759,6.939988136291504,100
13,1.5,0.5,0.3926482490507523,1.420737376322101,0.2341988896891772,3.911808013916016,56
13,1.5,0.7,0.3927873873411789,1.4179240781524078,0.2343119037042125,3.8264427185058594,53
13,2.0,0.3,0.3859596817794882,1.4765244872248935,0.2295261845447088,5.602529048919678,79
13,2.0,0.5,0.4073023273378933,1.3449562964777466,0.2466354103284223,4.258324146270752,63
13,2.0,0.7,0.3844708968396523,1.4730800257675154,0.2282503075712556,4.84237813949585,71
13,2.5,0.3,0.4033678947483704,1.3679503173243108,0.2459652447292158,3.978196620941162,56
13,2.5,0.5,0.3723462947201978,1.4257576391681208,0.2226426022235106,4.5611572265625,65
13,2.5,0.7,0.3838443875683923,1.407671383746498,0.2260656695065522,4.722934007644653,65
14,1.5,0.3,0.3697465321845574,1.477931929316146,0.2146467800711847,5.603809595108032,79
14,1.5,0.5,0.3898774152915295,1.385953925348251,0.2335208555364157,4.71795392036438,66
14,1.5,0.7,0.3898375957938454,1.3837679204189317,0.2331150129787856,5.1177978515625,72
14,2.0,0.3,0.3865009584281293,1.43222456600585,0.2316965048095542,6.273471593856812,90
14,2.0,0.5,0.4121109485143442,1.3677073003731832,0.2536033628279026,4.758963108062744,68
14,2.0,0.7,0.3855722007557842,1.3705492913284856,0.2307556610493948,7.070596218109131,100
14,2.5,0.3,0.3781098481147145,1.4680801616978865,0.2302141086856116,3.1894423961639404,44
14,2.5,0.5,0.3793946725524724,1.4878394253362452,0.2207447039732256,5.022544622421265,71
14,2.5,0.7,0.3643019952801754,1.5320660360395295,0.2084483655238748,5.429424285888672,77
2,2.0,0.1,0.1925737931155934,1.1868741641484877,0.346920562883357,2.5697238445281982,16
2,1.5,0.1,0.19206056806003424,1.1879945119389883,0.346943849461265,2.352637767791748,14
2,2.0,0.9,0.1954594629620623,1.181356842055981,0.3471136778316399,2.7879438400268555,18
2,1.5,0.9,0.19362700846659248,1.1853313798097704,0.34709528119106486,3.198641538619995,19
2,3.0,0.1,0.19325234357099053,1.1852231753813458,0.34695241048258835,2.0524137020111084,15
2,2.5,0.9,0.1962532295979514,1.1797188410002009,0.3470474711635847,2.6216588020324707,17
2,2.5,0.1,0.19291670680734269,1.185642738144345,0.3469548511730679,2.751971483230591,18
2,3.0,0.3,0.19445965256852082,1.1812046274982606,0.34685967392196254,2.6805813312530518,18
2,3.0,0.5,0.19520514769402575,1.1804227891290995,0.34698591735194384,2.518327236175537,16
2,3.0,0.7,0.19588949956573626,1.1789158548000367,0.3469248030873827,2.5712294578552246,17
2,3.5,0.1,0.19325234357099053,1.1852231753813458,0.34695241048258835,2.563969373703003,16
2,3.0,0.9,0.19703391882049567,1.1790992931823279,0.34699525517825863,3.030473470687866,17
2,3.5,0.3,0.19452394848318644,1.1806885389192987,0.3468401229539628,2.6548092365264893,18
2,3.5,0.5,0.19521142495009391,1.1795514460653287,0.34689913812139717,2.5290095806121826,17
2,3.5,0.7,0.1964659664175551,1.1788044283680248,0.3469255971859514,2.557602643966675,18
2,3.5,0.9,0.19765288893893632,1.1789813816719514,0.3469574997456624,2.892944574356079,19
3,1.5,0.1,0.29362149451015507,0.8118163720158833,0.4373241913867239,2.0510072708129883,14
3,2.0,0.1,0.29362149451015507,0.8118163720158833,0.4373241913867239,2.636876344680786,16
3,1.5,0.9,0.29362149451015507,0.8118163720158833,0.4373241913867239,3.2898848056793213,22
3,2.0,0.9,0.29307116259460114,0.8113076721777928,0.4373235555094518,2.670032024383545,18
3,2.5,0.1,0.2933449579997826,0.8116957917453026,0.43731374685134766,1.8028464317321777,13
3,3.0,0.1,0.2933494151186947,0.8117040426010244,0.437319393980514,2.356632947921753,15
3,2.5,0.9,0.2925540840634314,0.8110833613619777,0.4372916518303917,2.8356971740722656,19
3,3.0,0.3,0.29307116259460114,0.8113076721777928,0.4373235555094518,2.335590124130249,15
3,3.0,0.5,0.29281794207217954,0.81123125880865,0.4373121102804349,2.361743688583374,16
3,3.0,0.7,0.2925498184951263,0.8110695117047602,0.43728620299035104,2.703868865966797,21
3,3.0,0.9,0.2926519609738389,0.8109713436072358,0.437274926687726,3.1387062072753906,19
3,3.5,0.1,0.2933494151186947,0.8117040426010244,0.437319393980514,2.5691325664520264,16
3,3.5,0.3,0.2925838804181866,0.8112978478985348,0.43730941642479926,2.8395862579345703,18
3,3.5,0.5,0.2925540840634314,0.8110833613619777,0.4372916518303917,3.113664150238037,19
3,3.5,0.7,0.29253490610036087,0.8110041346591186,0.43727603753725786,3.0582282543182373,19
4,1.5,0.1,0.45983569754653664,0.9663977540219719,0.39536198151703517,1.9964990615844727,12
3,3.5,0.9,0.29263009643383736,0.8108960261826326,0.43724713648074304,3.3842968940734863,22
4,2.0,0.1,0.45916872489553223,0.9652148875216428,0.3954065609970235,2.254857301712036,15
4,2.5,0.1,0.34602871656886564,1.1380696086587112,0.32230433606202463,3.736859083175659,23
4,1.5,0.9,0.3460692057100035,1.137005573602742,0.322566704489822,5.3387696743011475,33
4,2.0,0.9,0.34571712168702573,1.130632383748718,0.3231085010252825,5.859720468521118,38
4,3.0,0.1,0.34906344226161273,1.1356471254231122,0.32332892149073295,3.661503314971924,22
4,3.0,0.3,0.3480370409401228,1.131483954763765,0.32344459470651643,4.965090036392212,32
4,2.5,0.9,0.35394034523831197,1.1271855281918637,0.32455970868296874,9.688841819763184,61
4,3.0,0.5,0.35098053883857794,1.1290408616372187,0.32454494271295453,6.325258255004883,40
4,3.5,0.1,0.3497020374152072,1.1349760424170738,0.32358093220558765,3.4080238342285156,21
4,3.0,0.9,0.45758971601428133,0.9620409453275405,0.3955034837335818,6.098772764205933,38
4,3.5,0.3,0.35036591830847647,1.131226007388808,0.32400742229317603,4.433207273483276,28
4,3.0,0.7,0.3626112481903201,1.1249756154238428,0.3251161940443651,9.45724081993103,65
4,3.5,0.5,0.3541905876628202,1.1256822356235514,0.3248232922490819,7.468739986419678,45
4,3.5,0.9,0.45656743153104756,0.9608853322712394,0.3955546566903013,6.215943336486816,39
4,3.5,0.7,0.4578328218464453,0.9619726828547088,0.39552587351476187,6.891568183898926,46
5,1.5,0.1,0.46216824203070295,1.1010675540552395,0.3315674646005924,6.625409364700317,41
5,2.0,0.1,0.5233672864165448,1.1220989767375906,0.3491707151007519,2.8436388969421387,17
5,1.5,0.9,0.5228551858372595,1.1235118460146718,0.3490525954007599,6.578224420547485,45
5,2.5,0.1,0.46136943578010076,1.0997139390167603,0.3313548202862246,6.955284118652344,44
5,2.0,0.9,0.5225160091786567,1.1258337376983965,0.34812008441972486,7.4128992557525635,49
5,2.5,0.9,0.5226407541846749,1.129206371971835,0.34731869033919516,7.129217863082886,45
5,3.0,0.1,0.5231191545917939,1.123304864780745,0.3490721956005991,4.361827611923218,29
5,3.0,0.3,0.5233874645695868,1.125318532329871,0.3483761554775916,6.268338441848755,40
5,3.0,0.5,0.5238407582839776,1.12604448878831,0.34796600584442755,6.975747585296631,44
5,3.0,0.7,0.523872938602666,1.1293957692664283,0.34731084883174224,7.327589511871338,43
5,3.0,0.9,0.5243930675717142,1.1312224869078624,0.34675088025732576,7.258721113204956,43
5,3.5,0.1,0.5225925902659958,1.1230823863356956,0.3490591939388656,6.459218502044678,41
5,3.5,0.3,0.45196064912372086,1.085714509175522,0.3302493458609785,8.42566180229187,52
5,3.5,0.7,0.5231950495890522,1.127175898633474,0.3468583635738325,7.274562835693359,42
5,3.5,0.9,0.5241198661502714,1.1303121433610674,0.3463682393388329,6.298315525054932,42
6,1.5,0.1,0.5295607333455684,1.024335303160095,0.3522275321393927,3.8095123767852783,22
5,3.5,0.5,0.5243872411128281,1.1289069916529368,0.34740445448349777,11.236534118652344,69
6,1.5,0.9,0.5293949884061496,1.02354831701845,0.3522314974536652,3.859740734100342,23
6,2.0,0.1,0.5293926705508576,1.024629297184016,0.3521917283537056,3.4495174884796143,20
6,2.0,0.9,0.5284860394419448,1.0249517705754922,0.3517284605640549,3.512733221054077,23
6,2.5,0.1,0.5296432731847316,1.024501250868784,0.35219383569288204,2.8783645629882812,19
6,3.0,0.1,0.5295241058009558,1.0235742851528047,0.35222675735812214,3.5698916912078857,21
6,3.0,0.3,0.5283293125420915,1.0239391313181672,0.351847899734064,3.4617316722869873,22
6,2.5,0.9,0.526728761425127,1.0247432821471543,0.3513460766130116,5.647193431854248,38
6,3.0,0.5,0.5277033931771133,1.0242632353024348,0.35160586505684244,4.273750305175781,28
6,3.5,0.1,0.5291648598639251,1.0232512426199614,0.3522126609667249,3.821841239929199,22
6,3.5,0.3,0.5268053490854433,1.0247906459933784,0.35174090450118295,3.596034526824951,21
6,3.0,0.7,0.5258480374684512,1.0227284469925413,0.3514538261443214,6.3399529457092285,40
6,3.0,0.9,0.5239317706332963,1.0214208389820307,0.35140514210290025,6.457865238189697,40
7,1.5,0.1,0.5606037129404094,1.0744903119257752,0.3296895052091383,3.6370086669921875,20
6,3.5,0.5,0.5260156707620811,1.0222902205062416,0.35171419312451285,6.404101610183716,40
6,3.5,0.9,0.5186520721705186,1.0189564818712802,0.3509198762468657,5.699307441711426,39
6,3.5,0.7,0.522808652369028,1.0208207312654392,0.3512718572821759,6.438157796859741,39
7,2.0,0.1,0.5648316836820945,1.070020874842277,0.3319330727172121,2.50250244140625,14
7,2.5,0.1,0.5650740462265343,1.0698323504150486,0.3325341709845369,4.863929510116577,25
7,1.5,0.9,0.5641614629658502,1.0707566804492505,0.33209661668613005,10.905197858810425,69
7,2.5,0.9,0.4513289224440965,1.1088591372360015,0.2995004443882988,8.343297481536865,51
7,2.0,0.9,0.5631273266656235,1.0696901178098817,0.3325775329592638,10.908860683441162,63
7,3.0,0.1,0.5647807557370035,1.0908543038881344,0.33326725903731164,5.101050853729248,29
7,3.0,0.3,0.5617703909213648,1.0700298171015954,0.3325393839410483,4.811065196990967,31
7,3.0,0.5,0.4518897525419601,1.1083069847166365,0.299554173033796,6.4997148513793945,38
7,3.5,0.1,0.4581709146629125,1.1017364441955286,0.3001578634250378,5.488633632659912,36
7,3.0,0.7,0.44822974312794395,1.1119306317895357,0.2991341873038907,9.902501583099365,62
7,3.0,0.9,0.4466444547114082,1.1136571687219747,0.29852918852173466,10.235506296157837,61
7,3.5,0.3,0.4536744216930473,1.1072474494649556,0.29988685004991084,8.4570951461792,48
7,3.5,0.5,0.44829630033121814,1.1116522628710919,0.29918776587618995,9.36473536491394,53
7,3.5,0.9,0.4435658143661239,1.1185209841616506,0.29830278606207505,8.503197193145752,50
7,3.5,0.7,0.4470029219284579,1.114606416202919,0.2984699831002456,10.29724669456482,62
8,1.5,0.1,0.5226408849944116,1.1934476941141612,0.3144546230675059,9.302268505096436,52
8,2.0,0.1,0.4964177940132742,1.1466170484608025,0.29471490573857023,8.799023389816284,52
8,1.5,0.9,0.5526309424888964,1.1778260332499448,0.3168163462331279,12.612313032150269,79
8,2.0,0.9,0.5490847889702688,1.1737027305443124,0.3149057215392814,13.86254072189331,82
8,2.5,0.1,0.5227883614039531,1.1867156060939017,0.3152311208919009,9.685705423355103,59
8,2.5,0.9,0.5286402507125941,1.1672647664744975,0.3214748348274264,8.3906729221344,52
8,3.0,0.5,0.5346652023339888,1.1673206796533337,0.3219929423024501,6.350755214691162,36
8,3.0,0.7,0.5283234553427835,1.166747505070581,0.32165327868728044,8.168379545211792,48
8,3.0,0.3,0.549074307341991,1.1742803766472203,0.3148135548083347,12.924809694290161,77
8,3.0,0.1,0.5515537949381152,1.181063416987952,0.3165067561420695,16.20684051513672,100
8,3.0,0.9,0.5255277051212692,1.15856563455965,0.3212065690504427,11.626406908035278,67
8,3.5,0.5,0.532968936864805,1.1673378660347447,0.32175405770869697,8.330840587615967,48
8,3.5,0.3,0.5473365830293977,1.17347501432234,0.3141862182821134,12.616418600082397,75
8,3.5,0.1,0.5514561622953629,1.1804491620433435,0.3165236429532369,17.037977695465088,100
9,1.5,0.1,0.4638558530141245,1.20664430142815,0.29198521215585455,3.652467727661133,20
8,3.5,0.7,0.5250424421801348,1.1604518098047873,0.32102700207017903,11.405346155166626,69
9,2.0,0.1,0.4646415328644929,1.204946844080797,0.29188487563271165,4.103266477584839,23
8,3.5,0.9,0.525704488486385,1.152910305517096,0.3208842327792298,14.375787734985352,85
9,2.5,0.1,0.46407496296475526,1.2041794940963149,0.2917474065498716,3.619903326034546,22
9,1.5,0.9,0.4169198914060446,1.2193994470157987,0.2802052552765345,11.141652822494507,62
9,2.0,0.9,0.41188161378568505,1.2140935775684083,0.2778414600212418,12.872101783752441,78
9,3.0,0.1,0.46325694208695095,1.2036690950454907,0.2917429889992232,6.87692403793335,41
9,2.5,0.9,0.4600480270642359,1.192813786683178,0.28958524632029775,9.402078866958618,55
9,3.0,0.3,0.45973313457082693,1.1951037106777944,0.2904922168749206,8.633306741714478,48
9,3.0,0.5,0.45864450189660705,1.1930893924943509,0.28964838794782394,8.589924097061157,51
9,3.0,0.7,0.4573976639707817,1.1923288265478873,0.28892034647446657,11.005427598953247,62
9,3.0,0.9,0.45736348986713293,1.1919662466556211,0.2884200667238341,12.317377090454102,74
9,3.5,0.1,0.5502847349434814,1.1874704920439376,0.32012504023815186,14.550995826721191,83
9,3.5,0.3,0.546352267105024,1.1851386967586104,0.3185191078807764,13.629823446273804,81
9,3.5,0.5,0.4568456457909572,1.1917900441978233,0.28923675500398377,8.408238172531128,51
9,3.5,0.7,0.4562337333668711,1.1937748852220533,0.28808250995010315,14.17810320854187,81
10,1.5,0.1,0.4487502080891228,1.2651971208678205,0.27567869007507345,7.183620929718018,40
10,1.5,0.9,0.45164595053379714,1.2629217801065373,0.27503847995517067,7.49114990234375,43
9,3.5,0.9,0.4551305193674161,1.1853625419324851,0.28687597466695536,14.344817638397217,85
10,2.0,0.1,0.4483611594273562,1.2636289786217791,0.27554045903218005,4.71852707862854,28
10,2.5,0.1,0.4179507410192132,1.1937254000255404,0.2827710662014184,9.119494915008545,55
10,2.0,0.9,0.44616591931657024,1.3560076672846981,0.2724654047024034,13.961451292037964,83
10,2.5,0.9,0.4448597614798758,1.2539801112306435,0.27036881762512316,10.158971309661865,57
10,3.0,0.1,0.4545215787353313,1.2595930533887285,0.2732366736355196,9.535744905471802,55
10,3.0,0.3,0.44878833189443607,1.25496195944504,0.2706346029707234,9.695096254348755,61
10,3.0,0.5,0.4432079260400569,1.254408411866689,0.2706908828130387,7.099616289138794,42
10,3.0,0.7,0.4426593737759611,1.2515990049804187,0.2689558636150549,9.093256711959839,48
10,3.0,0.9,0.44223540629438013,1.243277787338331,0.26706793935723505,9.332178831100464,56
10,3.5,0.1,0.45417691742676053,1.2591562724957917,0.2731535615531773,10.093865871429443,58
10,3.5,0.5,0.44220249599960054,1.2515165477484427,0.269234514700626,8.679406642913818,46
10,3.5,0.7,0.44111119348047667,1.2408420045253465,0.2664997602235902,9.187258243560791,54
10,3.5,0.3,0.44452296834352767,1.2550566339769642,0.27146864883752664,12.440646171569824,73
11,2.0,0.1,0.4513990551594231,1.2655220853430924,0.27655123403708787,6.02987813949585,36
10,3.5,0.9,0.44121415101427125,1.2345855736677187,0.2654519786931182,11.493326663970947,65
11,1.5,0.1,0.40980862779275246,1.4415668369960737,0.2480449061000687,11.29984188079834,61
11,1.5,0.9,0.4144059298474372,1.353761640140508,0.24593573490627132,12.684972286224365,70
11,2.5,0.1,0.44085421493349514,1.3624045514538499,0.27064001072553306,11.143774509429932,63
11,2.0,0.9,0.4353191630347268,1.4444908087644721,0.27056137438177597,14.10259485244751,78
11,3.0,0.1,0.44079155902720657,1.366601769396893,0.2699250615647921,9.84977388381958,58
11,2.5,0.9,0.48267563161325366,1.4028898214393428,0.26504712184461954,18.13862657546997,100
11,3.0,0.7,0.42004071640743623,1.367183551584178,0.24853402181187248,8.744329929351807,47
11,3.0,0.5,0.4218220814753555,1.3751938886846302,0.25109273536784554,11.971455335617065,71
11,3.0,0.3,0.4091926196390769,1.3472063884218253,0.24140501005563697,14.570006132125854,82
11,3.5,0.1,0.44887434162413026,1.233731118074704,0.2779923288407191,7.148497819900513,38
11,3.5,0.3,0.4407776602509574,1.2580454510596777,0.2746175480526744,6.635252475738525,34
11,3.0,0.9,0.4803671927666357,1.499255480950331,0.2612209611675997,15.848957538604736,88
11,3.5,0.5,0.4061287016534117,1.3343079314763,0.23814070315872657,10.720654249191284,58
11,3.5,0.9,0.4013262153609582,1.3209683743471883,0.2326785825398482,10.958486795425415,63
12,1.5,0.1,0.41726491990767245,1.3266376263358337,0.25164054982129275,7.0936501026153564,40
11,3.5,0.7,0.40409372903134777,1.3268138319333298,0.2353385885263318,13.083058834075928,75
12,2.0,0.1,0.4106678377017227,1.382462081471448,0.24553195884725534,6.4526612758636475,34
12,1.5,0.9,0.4054185389502636,1.449777996648726,0.246861241727745,12.98523736000061,75
12,2.5,0.1,0.45055203053411597,1.2383715677041127,0.2749282918863983,5.737887382507324,36
12,2.0,0.9,0.39809728556423024,1.5114432058227312,0.24382691540028054,12.844958543777466,78
12,3.0,0.1,0.4531337761826694,1.2656434709697084,0.27778216929539334,7.2142205238342285,40
12,2.5,0.9,0.41209708553079866,1.4755116921155438,0.24907303488300028,9.379450798034668,56
12,3.0,0.3,0.42714663950452475,1.336772028939418,0.25502908231676863,9.383909940719604,52
12,3.0,0.5,0.42056389263969346,1.3602800378194415,0.25487205998846585,11.906241655349731,65
12,3.0,0.7,0.41974119345402455,1.3481295694173288,0.2520109964380765,11.216878652572632,66
12,3.5,0.1,0.432629100345253,1.3351279116711439,0.2584251040792513,9.638758420944214,54
12,3.0,0.9,0.37937694953569434,1.422357700489272,0.2157584302469762,17.21416664123535,100
12,3.5,0.5,0.38663719906395466,1.3583330634329827,0.2311764744372035,10.23046064376831,56
12,3.5,0.3,0.42557615972790613,1.3425166266157842,0.253688165252792,13.928579807281494,82
12,3.5,0.7,0.3793387989382659,1.360339098413455,0.22682172170909495,14.795228004455566,87
13,1.5,0.1,0.3935117872217466,1.421593646649169,0.24009828615592163,6.163842678070068,35
12,3.5,0.9,0.3756834715620879,1.4118994668756397,0.2081898022874648,17.63089156150818,95
13,2.0,0.1,0.41166350365232945,1.3441360572533823,0.24955251227651679,9.584511756896973,55
13,1.5,0.9,0.38742889516981965,1.4754909961389453,0.2302593344064401,13.716374397277832,77
13,2.0,0.9,0.38365501573749905,1.4715058550493034,0.2272539221932817,12.8392653465271,71
13,3.0,0.1,0.4045756452544316,1.3654364951309206,0.2486752496687246,9.167783498764038,48
13,2.5,0.1,0.4396980745772503,1.316608551369447,0.27240004545360186,14.485092878341675,82
13,2.5,0.9,0.3516821552777711,1.493775565806301,0.20196836317478342,13.430076599121094,73
13,3.0,0.3,0.37212767686948217,1.4283514199187515,0.22279381297426215,10.586475133895874,61
13,3.5,0.1,0.38944615651687087,1.4354860002755458,0.23486168711391184,7.258061408996582,41
13,3.0,0.5,0.37092502098016206,1.4277493223383775,0.2140677753370344,14.358704566955566,82
13,3.0,0.7,0.3504115585543517,1.4836388071429392,0.19934014823166155,12.391819953918457,67
13,3.0,0.9,0.34764446496764706,1.4737181377848576,0.19538225275234683,14.023519515991211,80
13,3.5,0.3,0.38394183830175826,1.4207765795534617,0.2282871863261098,10.599351406097412,60
13,3.5,0.9,0.34534815061663326,1.4602658959968444,0.18896556106890322,12.885290622711182,69
13,3.5,0.5,0.35021203136747303,1.4857437991831932,0.19838063816272122,17.590013027191162,100
13,3.5,0.7,0.3767093590455571,1.4013916128602988,0.21804406591918724,17.464767456054688,100
14,1.5,0.1,0.4158976543723783,1.5107987746185587,0.2492058880653479,11.343738079071045,66
14,2.5,0.1,0.3879357371614551,1.4332077831724563,0.23381108999884703,9.50839352607727,50
14,1.5,0.9,0.3868732963782483,1.4341656980015471,0.23360031086502445,15.112484455108643,85
14,2.0,0.9,0.34763689852048646,1.5964304711774306,0.1985563128201097,13.162554502487183,75
14,2.0,0.1,0.3899953439167302,1.4245039936303268,0.23424757247583397,18.281278371810913,99
14,3.0,0.1,0.385719459160693,1.4425441016458067,0.2345154242133827,8.312644004821777,51
14,3.0,0.3,0.37970931037691386,1.4487707020975513,0.22976363914131148,10.473387956619263,63
14,2.5,0.9,0.3417374236925938,1.5504697750733654,0.20297604321411847,17.246318340301514,100
14,3.0,0.5,0.3759041982725559,1.4481954441906864,0.22548337303132213,12.745158195495605,72
14,3.0,0.7,0.36147621016319864,1.5200133816520343,0.20416964801676543,9.484697818756104,53
14,3.0,0.9,0.3307090998510175,1.593842770168586,0.1789556554401184,9.649961709976196,57
14,3.5,0.1,0.38395490417802225,1.428003405007869,0.22873231118931858,7.579784154891968,43
14,3.5,0.3,0.38012752932380545,1.4268879774611867,0.22486253814098722,10.012062311172485,56
14,3.5,0.5,0.3599563006188216,1.5759034579142437,0.2007332573995731,10.82831621170044,61
14,3.5,0.7,0.3534981792239201,1.6527486186157845,0.1973522418317664,11.769828796386719,65
14,3.5,0.9,0.3435170795801397,1.471159979779786,0.18256039428070533,13.724616289138794,82
15,1.5,0.5,0.39062999425655986,1.3556252240733753,0.23459030055892205,8.412896394729614,51
15,1.5,0.1,0.41652957986511263,1.3466182697544478,0.25581527012748567,13.88377571105957,78
15,1.5,0.3,0.41789855338409326,1.3395865897682542,0.25654885558375734,12.382545709609985,72
15,1.5,0.7,0.39104620051026084,1.360277031044625,0.2350569306837696,8.758670091629028,52
15,2.0,0.3,0.3837060540454583,1.3979652988148579,0.23286983806473285,9.89059329032898,59
15,2.0,0.1,0.38643345050233613,1.3895147213149,0.2336979363310309,10.420884370803833,57
15,1.5,0.9,0.412088544895514,1.3070919162919485,0.2510234094105067,10.821479082107544,58
15,2.0,0.5,0.3816975515972703,1.4017088699896767,0.2309385053896809,10.415792465209961,62
15,2.0,0.7,0.3479636903078229,1.4822480741373605,0.21324556931162228,9.799485683441162,58
15,2.5,0.1,0.39943463421753783,1.374175182311736,0.24408307555580241,11.97525954246521,68
15,2.0,0.9,0.3741850083131903,1.503479159378449,0.22731560588106098,15.796306610107422,93
15,2.5,0.3,0.34721712580109954,1.4868151960645128,0.21295038779463216,10.74475359916687,62
15,2.5,0.5,0.34591563745607223,1.4847147809815164,0.21163312949759355,11.016600370407104,62
15,3.0,0.1,0.38592688348306703,1.3846557339651038,0.2325382978791504,7.651511192321777,45
15,2.5,0.7,0.3490026618476963,1.4174605602461312,0.20732820575432692,17.65159583091736,100
15,3.0,0.3,0.37936035111547695,1.385808560619202,0.22929413948216953,8.937118530273438,50
15,2.5,0.9,0.3233247981489119,1.645822972854759,0.18133830769963835,16.997452974319458,92
15,3.0,0.5,0.3714089136173145,1.4183504141467838,0.228451381810636,8.589480638504028,50
15,3.5,0.1,0.37215322274935875,1.5147382142574535,0.23020558673806987,6.379658222198486,37
15,3.5,0.3,0.36198580726350926,1.5265656034364068,0.2177111811090965,8.717005968093872,48
15,3.0,0.9,0.3561153385695015,1.5892174165965234,0.19665852525449878,12.5714852809906,74
15,3.0,0.7,0.32521877586713893,1.6266279668458,0.18104011691528607,17.51598572731018,100
15,3.5,0.5,0.3534021811909147,1.5486266474624972,0.20499663123421336,10.743619680404663,67
15,3.5,0.7,0.35054727183068224,1.6067619264416615,0.1977601051462083,9.220123529434204,59
15,3.5,0.9,0.3538459124247328,1.5666804984491196,0.19242453071655805,12.277281284332275,100
