Dataset,k,Distance,Seed,ARI,Silhouette,DBI,Accuracy,Iterations
satimage,2,cosine,0,0.1891742619158018,0.3481496828078039,1.2072698900906125,0.4085470085470085,5
satimage,2,cosine,12,0.3051694995259837,0.2483950465830507,1.6943097059101473,0.468997668997669,16
satimage,2,cosine,24,0.2034956116675068,0.3431880074849485,1.2380315847945376,0.4271950271950272,10
satimage,2,cosine,33,0.1891742619158018,0.3481496828078039,1.2072698900906125,0.4085470085470085,8
satimage,2,cosine,36,0.2034956116675068,0.3431880074849485,1.2380315847945376,0.4271950271950272,10
satimage,2,cosine,42,0.2034956116675068,0.3431880074849485,1.2380315847945376,0.4271950271950272,10
satimage,2,cosine,55,0.1891742619158018,0.3481496828078039,1.2072698900906125,0.4085470085470085,7
satimage,2,cosine,67,0.2033799118296558,0.3432830948383605,1.238488718903684,0.4271950271950272,7
satimage,2,cosine,79,0.2034956116675068,0.3431880074849485,1.2380315847945376,0.4271950271950272,11
satimage,2,cosine,100,0.2034956116675068,0.3431880074849485,1.2380315847945376,0.4271950271950272,12
satimage,2,euclidean,0,0.2030207019194541,0.3415310314691456,1.2288134650728664,0.425019425019425,20
satimage,2,euclidean,12,0.1037161631809134,0.3255462277258005,1.48051433576088,0.335042735042735,30
satimage,2,euclidean,24,0.2030207019194541,0.3415310314691456,1.2288134650728664,0.425019425019425,21
satimage,2,euclidean,33,0.1920077127509226,0.3469096313135365,1.1880046559308122,0.4150738150738151,10
satimage,2,euclidean,36,0.2030207019194541,0.3415310314691456,1.2288134650728664,0.425019425019425,18
satimage,2,euclidean,42,0.1920077127509226,0.3469096313135365,1.1880046559308122,0.4150738150738151,12
satimage,2,euclidean,55,0.202913717839953,0.3415588027938969,1.228910880391199,0.425019425019425,7
satimage,2,euclidean,67,0.2029884301112329,0.3415893515450572,1.2291067735805306,0.425019425019425,12
satimage,2,euclidean,79,0.0857957077624683,0.490011722138823,0.7594121076824917,0.3334887334887335,4
satimage,2,euclidean,100,0.1920077127509226,0.3469096313135365,1.1880046559308122,0.4150738150738151,13
satimage,2,manhattan,0,0.2034831510954143,0.3351411025241907,1.208761136522971,0.4219114219114219,11
satimage,2,manhattan,12,0.2034831510954143,0.3351411025241907,1.208761136522971,0.4219114219114219,12
satimage,2,manhattan,24,0.1962220060977587,0.3475710884755563,1.1954906060821529,0.416006216006216,13
satimage,2,manhattan,33,0.2034831510954143,0.3351411025241907,1.208761136522971,0.4219114219114219,10
satimage,2,manhattan,36,0.2034831510954143,0.3351411025241907,1.208761136522971,0.4219114219114219,10
satimage,2,manhattan,42,0.1961181166171975,0.3475329482598883,1.1949233328868092,0.416006216006216,11
satimage,2,manhattan,55,0.2034831510954143,0.3351411025241907,1.208761136522971,0.4219114219114219,8
satimage,2,manhattan,67,0.2034831510954143,0.3351411025241907,1.208761136522971,0.4219114219114219,9
satimage,2,manhattan,79,0.0867136931161413,0.4883990793892571,0.7691473950431792,0.333954933954934,6
satimage,2,manhattan,100,0.2034831510954143,0.3351411025241907,1.208761136522971,0.4219114219114219,13
satimage,3,cosine,0,0.3244495577702231,0.4056123548224826,1.0268762624388217,0.5285159285159285,7
satimage,3,cosine,12,0.3244495577702231,0.4056123548224826,1.0268762624388217,0.5285159285159285,9
satimage,3,cosine,24,0.3244495577702231,0.4056123548224826,1.0268762624388217,0.5285159285159285,11
satimage,3,cosine,33,0.3244675137189829,0.4056166000893138,1.026896773213518,0.5285159285159285,6
satimage,3,cosine,36,0.3244495577702231,0.4056123548224826,1.0268762624388217,0.5285159285159285,8
satimage,3,cosine,42,0.3244495577702231,0.4056123548224826,1.0268762624388217,0.5285159285159285,8
satimage,3,cosine,55,0.3244495577702231,0.4056123548224826,1.0268762624388217,0.5285159285159285,10
satimage,3,cosine,67,0.3244495577702231,0.4056123548224826,1.0268762624388217,0.5285159285159285,12
satimage,3,cosine,79,0.3244675137189829,0.4056166000893138,1.026896773213518,0.5285159285159285,4
satimage,3,cosine,100,0.3244495577702231,0.4056123548224826,1.0268762624388217,0.5285159285159285,11
satimage,3,euclidean,0,0.293621494510155,0.4373241913867239,0.8118163720158833,0.517016317016317,12
satimage,3,euclidean,12,0.293621494510155,0.4373241913867239,0.8118163720158833,0.517016317016317,11
satimage,3,euclidean,24,0.293621494510155,0.4373241913867239,0.8118163720158833,0.517016317016317,17
satimage,3,euclidean,33,0.293621494510155,0.4373241913867239,0.8118163720158833,0.517016317016317,10
satimage,3,euclidean,36,0.293621494510155,0.4373241913867239,0.8118163720158833,0.517016317016317,12
satimage,3,euclidean,42,0.2939510633593387,0.4373548486649157,0.8120143268450858,0.5173271173271173,9
satimage,3,euclidean,55,0.293621494510155,0.4373241913867239,0.8118163720158833,0.517016317016317,12
satimage,3,euclidean,67,0.293621494510155,0.4373241913867239,0.8118163720158833,0.517016317016317,13
satimage,3,euclidean,79,0.293621494510155,0.4373241913867239,0.8118163720158833,0.517016317016317,9
satimage,3,euclidean,100,0.3069103704840247,0.2205097649586656,1.4913148115930646,0.5578865578865578,16
satimage,3,manhattan,0,0.2954306910862116,0.4358324971443458,0.8118098117026783,0.5154623154623155,11
satimage,3,manhattan,12,0.2954306910862116,0.4358324971443458,0.8118098117026783,0.5154623154623155,12
satimage,3,manhattan,24,0.2954306910862116,0.4358324971443458,0.8118098117026785,0.5154623154623155,21
satimage,3,manhattan,33,0.2954306910862116,0.4358324971443458,0.8118098117026785,0.5154623154623155,8
satimage,3,manhattan,36,0.2954306910862116,0.4358324971443458,0.8118098117026783,0.5154623154623155,12
satimage,3,manhattan,42,0.2959704048971557,0.4358535181594852,0.8117974212700098,0.5157731157731158,8
satimage,3,manhattan,55,0.2954306910862116,0.4358324971443458,0.8118098117026785,0.5154623154623155,11
satimage,3,manhattan,67,0.2954306910862116,0.4358324971443458,0.8118098117026783,0.5154623154623155,16
satimage,3,manhattan,79,0.2954306910862116,0.4358324971443458,0.8118098117026783,0.5154623154623155,4
satimage,3,manhattan,100,0.2959704048971557,0.4358535181594852,0.8117974212700098,0.5157731157731158,17
satimage,4,cosine,0,0.4103148282878967,0.3270964037949618,1.30163710123809,0.5948717948717949,9
satimage,4,cosine,12,0.4590280718076712,0.366333823646254,1.0510582048563284,0.6797202797202797,9
satimage,4,cosine,24,0.4589901917746719,0.3660563770705635,1.0518334304602674,0.6795648795648795,10
satimage,4,cosine,33,0.4103148282878967,0.3270964037949618,1.3016371012380905,0.5948717948717949,19
satimage,4,cosine,36,0.3374115657273708,0.2566462143986527,1.2131025976836864,0.5148407148407148,30
satimage,4,cosine,42,0.4588204792156577,0.3662680098676533,1.0511545182945907,0.6795648795648795,14
satimage,4,cosine,55,0.4592438303145825,0.3661038247212276,1.0516636420617718,0.6797202797202797,8
satimage,4,cosine,67,0.4588204792156577,0.3662680098676533,1.0511545182945907,0.6795648795648795,13
satimage,4,cosine,79,0.4103148282878967,0.3270964037949618,1.30163710123809,0.5948717948717949,23
satimage,4,cosine,100,0.4111584928502572,0.3267058060253365,1.3036783754733552,0.5947163947163947,17
satimage,4,euclidean,0,0.3475752907578294,0.3225449200684883,1.1392437649594822,0.5696969696969697,30
satimage,4,euclidean,12,0.4591986603364084,0.3953812529696817,0.9660437868750468,0.6901320901320901,12
satimage,4,euclidean,24,0.3452082535088099,0.3220868951964458,1.1405279677618514,0.5678321678321678,16
satimage,4,euclidean,33,0.3472660944540586,0.3225964959988232,1.1392570224926422,0.5695415695415695,30
satimage,4,euclidean,36,0.3473379756168381,0.3226234294894419,1.139559608223581,0.5696969696969697,28
satimage,4,euclidean,42,0.3452869534124562,0.3220981477608483,1.1407006771116623,0.567987567987568,24
satimage,4,euclidean,55,0.4598356975465366,0.3953619815170351,0.966397754021972,0.6904428904428904,14
satimage,4,euclidean,67,0.3493332577683109,0.3229099503869743,1.1384747951870628,0.5715617715617716,30
satimage,4,euclidean,79,0.3928044922211213,0.3531835047869818,1.1153116726749637,0.6253302253302253,30
satimage,4,euclidean,100,0.4591687248955322,0.3954065609970235,0.9652148875216426,0.6901320901320901,14
satimage,4,manhattan,0,0.4134021361762141,0.3517306372775792,1.234052652910162,0.594094794094794,18
satimage,4,manhattan,12,0.3487922073014423,0.3184622522695513,1.1464840953298834,0.5527583527583527,21
satimage,4,manhattan,24,0.3483630401103301,0.3184302185083422,1.1460113890830284,0.5521367521367522,19
satimage,4,manhattan,33,0.3487922073014423,0.3184622522695513,1.1464840953298834,0.5527583527583527,18
satimage,4,manhattan,36,0.3487922073014423,0.3184622522695513,1.1464840953298834,0.5527583527583527,12
satimage,4,manhattan,42,0.3487922073014423,0.3184622522695513,1.1464840953298834,0.5527583527583527,22
satimage,4,manhattan,55,0.3487922073014423,0.3184622522695513,1.1464840953298834,0.5527583527583527,22
satimage,4,manhattan,67,0.3483630401103301,0.3184302185083422,1.1460113890830284,0.5521367521367522,17
satimage,4,manhattan,79,0.3487922073014423,0.3184622522695513,1.1464840953298834,0.5527583527583527,29
satimage,4,manhattan,100,0.4576414541456616,0.3945173220784133,0.9602446900503404,0.6901320901320901,12
satimage,5,cosine,0,0.5748288498020405,0.3191074063679868,1.2496482710870376,0.7504273504273504,24
satimage,5,cosine,12,0.5745524552552959,0.3188313782716001,1.2502340254852853,0.7499611499611499,8
satimage,5,cosine,24,0.5748288498020405,0.3191074063679868,1.2496482710870376,0.7504273504273504,24
satimage,5,cosine,33,0.5748288498020405,0.3191074063679868,1.2496482710870376,0.7504273504273504,17
satimage,5,cosine,36,0.5748288498020405,0.3191074063679868,1.2496482710870376,0.7504273504273504,27
satimage,5,cosine,42,0.4859224501519733,0.2706274492238766,1.2464453465478895,0.6909090909090909,30
satimage,5,cosine,55,0.5745524552552959,0.3188313782716001,1.2502340254852853,0.7499611499611499,13
satimage,5,cosine,67,0.4809257714043271,0.27514809487088,1.178311395028479,0.6918414918414918,30
satimage,5,cosine,79,0.5748288498020405,0.3191074063679868,1.2496482710870376,0.7504273504273504,24
satimage,5,cosine,100,0.4812244690255952,0.2745090949196076,1.1844503380933924,0.691996891996892,30
satimage,5,euclidean,0,0.4197209274990784,0.3164094253585993,1.0965618833562922,0.6332556332556333,30
satimage,5,euclidean,12,0.5248011192983206,0.3487006800466916,1.1266943372258549,0.7386169386169387,19
satimage,5,euclidean,24,0.4193391017950241,0.3164118383090057,1.0966511390816225,0.632944832944833,28
satimage,5,euclidean,33,0.5234416185026253,0.3491048480643828,1.1224219336451449,0.7381507381507382,11
satimage,5,euclidean,36,0.4622963105649105,0.3313519469885451,1.1013755501845877,0.6708624708624709,27
satimage,5,euclidean,42,0.4194484346437004,0.3162803684053792,1.0962033443294952,0.6332556332556333,22
satimage,5,euclidean,55,0.4623759249102411,0.3313436274150872,1.1013662570211296,0.6708624708624709,16
satimage,5,euclidean,67,0.4194601967040287,0.3163802828263657,1.096569065835762,0.6331002331002331,30
satimage,5,euclidean,79,0.4201182342233356,0.3176463998147675,1.101981020575289,0.632012432012432,30
satimage,5,euclidean,100,0.4621011574109412,0.3319034988215016,1.0996901129471195,0.6691530691530692,30
satimage,5,manhattan,0,0.4087705672640331,0.2875394845165624,1.2606975617925753,0.6121212121212121,17
satimage,5,manhattan,12,0.4084151838733519,0.2874741198125775,1.2597479171763823,0.6111888111888112,18
satimage,5,manhattan,24,0.4168390985093905,0.3127655065535614,1.0842845199647604,0.6220668220668221,25
satimage,5,manhattan,33,0.4717049558385347,0.3252041597796319,1.1030640627851611,0.6764568764568765,17
satimage,5,manhattan,36,0.4717616173549741,0.3251065908500587,1.104997947896872,0.6764568764568765,20
satimage,5,manhattan,42,0.4171780543106392,0.3126979325146313,1.0863826752083827,0.6239316239316239,17
satimage,5,manhattan,55,0.4170364354872418,0.3126190985133991,1.086269486116613,0.6236208236208236,26
satimage,5,manhattan,67,0.4170364354872418,0.3126190985133991,1.086269486116613,0.6236208236208236,21
satimage,5,manhattan,79,0.4174715079792345,0.3127311668063243,1.0856629479808793,0.6237762237762238,28
satimage,5,manhattan,100,0.4717049558385347,0.3252041597796319,1.1030640627851611,0.6764568764568765,22
satimage,6,cosine,0,0.5798428904718472,0.2998935179634974,1.1343404915096629,0.7661227661227661,10
satimage,6,cosine,12,0.6043225384816997,0.3017782059164157,1.2199838034273736,0.8163170163170164,14
satimage,6,cosine,24,0.5798743131753836,0.2996311069659683,1.13412493688341,0.7662781662781663,21
satimage,6,cosine,33,0.5707310772323346,0.3162707422264464,1.32803928514812,0.752913752913753,13
satimage,6,cosine,36,0.5720836047032273,0.3025228833870086,1.1081702444677302,0.764102564102564,15
satimage,6,cosine,42,0.5799574847801042,0.2992964815657722,1.1344482229588908,0.7664335664335664,19
satimage,6,cosine,55,0.5802503419345936,0.2985676285237117,1.136813695250552,0.7662781662781663,30
satimage,6,cosine,67,0.5720836047032273,0.3025228833870086,1.1081702444677302,0.764102564102564,30
satimage,6,cosine,79,0.569429725499132,0.3118790409718587,1.4089351597490936,0.7524475524475525,14
satimage,6,cosine,100,0.5836972881809099,0.2973895687112673,1.1395721260908818,0.7690753690753691,30
satimage,6,euclidean,0,0.5294608451638632,0.3523161462155595,1.0233530720857804,0.7414141414141414,23
satimage,6,euclidean,12,0.530356136112574,0.3513742688935756,1.0275484760538742,0.7406371406371406,27
satimage,6,euclidean,24,0.5307924144501486,0.3514351345677349,1.027674965039843,0.7406371406371406,24
satimage,6,euclidean,33,0.4602296212899123,0.3212930106378774,1.1583977186012289,0.682983682983683,30
satimage,6,euclidean,36,0.5307924144501486,0.3514351345677349,1.0276749650398431,0.7406371406371406,15
satimage,6,euclidean,42,0.431520218931709,0.2828853501849448,1.2236420779466348,0.7017871017871018,30
satimage,6,euclidean,55,0.5303044053912269,0.3513882894911377,1.027468358519685,0.7406371406371406,25
satimage,6,euclidean,67,0.5294608451638632,0.3523161462155595,1.0233530720857804,0.7414141414141414,21
satimage,6,euclidean,79,0.4109347752959845,0.2990728971032247,1.2326972350107626,0.6422688422688423,22
satimage,6,euclidean,100,0.5294960171195329,0.3523453923822238,1.023165002023503,0.7414141414141414,28
satimage,6,manhattan,0,0.5453102681613582,0.3206729618247185,1.1275319878486612,0.7485625485625486,23
satimage,6,manhattan,12,0.365231413573764,0.2421891980580476,1.3026213914054985,0.6164724164724165,30
satimage,6,manhattan,24,0.365625998390066,0.2422755334836896,1.3059382105951185,0.6175602175602175,30
satimage,6,manhattan,33,0.5425099652866168,0.3450551880893647,1.034526170472025,0.7484071484071484,28
satimage,6,manhattan,36,0.5426487264055588,0.3466064780250116,1.0296917699736576,0.7473193473193473,22
satimage,6,manhattan,42,0.3629724742288591,0.2421789587896902,1.2943264901557523,0.6147630147630148,30
satimage,6,manhattan,55,0.4615639499767063,0.2960479339993326,1.2018120865738195,0.7182595182595183,30
satimage,6,manhattan,67,0.5424868985325263,0.3450997979293334,1.0346055351900507,0.7484071484071484,19
satimage,6,manhattan,79,0.4085871618336048,0.2963305396479082,1.2350134397263606,0.6321678321678321,23
satimage,6,manhattan,100,0.5424338215352598,0.346537428758248,1.0289174196699007,0.747008547008547,26
satimage,7,cosine,0,0.5661355201712299,0.2615781671020329,1.254698573592709,0.7653457653457654,19
satimage,7,cosine,12,0.6143175505361078,0.28634982866284,1.1849510017018807,0.8267288267288267,19
satimage,7,cosine,24,0.5634428299258472,0.2624371284169459,1.2780731454854652,0.7594405594405594,22
satimage,7,cosine,33,0.599049951643825,0.3008215013383487,1.3033140258106408,0.8177156177156177,22
satimage,7,cosine,36,0.5532429658020795,0.2623605142176903,1.2238576441429114,0.7622377622377622,30
satimage,7,cosine,42,0.6143175505361078,0.28634982866284,1.1849510017018807,0.8267288267288267,20
satimage,7,cosine,55,0.5406152551414619,0.258211676502632,1.2117143706949036,0.755089355089355,30
satimage,7,cosine,67,0.5555931545518374,0.2632754742175267,1.2311651202236558,0.7637917637917638,29
satimage,7,cosine,79,0.5965326048122209,0.2966758051293537,1.357733357384912,0.8167832167832167,14
satimage,7,cosine,100,0.5658232362473371,0.2609680197534446,1.2600302633318934,0.7634809634809635,30
satimage,7,euclidean,0,0.5195953940826603,0.3367670643968777,1.138125099928955,0.7446775446775447,19
satimage,7,euclidean,12,0.5651939072605844,0.3319005788756515,1.074229975884356,0.7987567987567987,8
satimage,7,euclidean,24,0.4640413899068448,0.2995602932639932,1.0999271376600137,0.7282051282051282,24
satimage,7,euclidean,33,0.5190080862181399,0.3359309781357376,1.153638911642514,0.7485625485625486,30
satimage,7,euclidean,36,0.4595198131391604,0.3004335143372967,1.10355251407906,0.7393939393939394,20
satimage,7,euclidean,42,0.472047848186447,0.2997867562552355,1.0970154947305857,0.7325563325563326,22
satimage,7,euclidean,55,0.5604826154938475,0.3295867012123453,1.07421466619859,0.7956487956487956,13
satimage,7,euclidean,67,0.4602956849483384,0.3004185685028436,1.0992457412013112,0.7364413364413365,15
satimage,7,euclidean,79,0.5234265103798845,0.3357110070013198,1.1509720253906413,0.7502719502719503,30
satimage,7,euclidean,100,0.4591239729575269,0.3004544315687688,1.1039383855417582,0.7397047397047397,30
satimage,7,manhattan,0,0.5291560902627885,0.3317339005849061,1.1376790363980591,0.7512043512043513,29
satimage,7,manhattan,12,0.5844315576537097,0.3315168577614634,1.0921250142435566,0.8113442113442113,16
satimage,7,manhattan,24,0.4825050951998279,0.2964812234441855,1.1149026901836565,0.7417249417249417,29
satimage,7,manhattan,33,0.5303487202882801,0.3316735543223854,1.140425875400886,0.7507381507381508,30
satimage,7,manhattan,36,0.4771940897159872,0.2969491449577012,1.1131479658269796,0.7365967365967366,30
satimage,7,manhattan,42,0.4777962006264254,0.2968279036825416,1.1131841718433295,0.7373737373737373,29
satimage,7,manhattan,55,0.5841458124551563,0.3316915915962889,1.0968258713651593,0.8105672105672106,30
satimage,7,manhattan,67,0.5291560902627885,0.3317339005849061,1.1376790363980591,0.7512043512043513,30
satimage,7,manhattan,79,0.4532649858202569,0.2674573176165821,1.3456063591242862,0.7002331002331003,30
satimage,7,manhattan,100,0.4752940116995241,0.2970025398413346,1.113186110651833,0.7348873348873349,30
satimage,8,cosine,0,0.5579503270239612,0.257793055427468,1.3487067983015602,0.7672105672105672,23
satimage,8,cosine,12,0.6056436536323718,0.2856784464956017,1.2781825322926832,0.8247086247086247,30
satimage,8,cosine,24,0.6001997413669216,0.2856010777370558,1.2629193576237208,0.8188034188034188,21
satimage,8,cosine,33,0.6104404949319427,0.2861924132457061,1.2546931665081034,0.8301476301476302,26
satimage,8,cosine,36,0.5903563915290446,0.257453478734815,1.3073422133369552,0.8135198135198135,29
satimage,8,cosine,42,0.5920272783795004,0.2574639071861802,1.30909611011911,0.8146076146076147,25
satimage,8,cosine,55,0.5534099070409044,0.2291357675077497,1.5726746369851694,0.764102564102564,30
satimage,8,cosine,67,0.5322026830036028,0.25850978777845,1.2565793859819427,0.7566433566433567,30
satimage,8,cosine,79,0.5764431023055904,0.2711355459511725,1.3585621988134615,0.8183372183372183,17
satimage,8,cosine,100,0.5367749694867108,0.2582994913271009,1.2287359627722934,0.7513597513597513,30
satimage,8,euclidean,0,0.5227025234339688,0.3143973426812916,1.1932307668183144,0.7853923853923854,30
satimage,8,euclidean,12,0.4423600605242537,0.2975118969525731,1.1441126347438846,0.7468531468531469,30
satimage,8,euclidean,24,0.4378261386540782,0.2981492285190262,1.1450542839362798,0.7409479409479409,30
satimage,8,euclidean,33,0.507424456449404,0.3178254561518137,1.2279682932416145,0.7510489510489511,18
satimage,8,euclidean,36,0.4322244192926806,0.2981463804799953,1.1510876727267338,0.7420357420357421,16
satimage,8,euclidean,42,0.4345298263512437,0.2982341461580005,1.15334632757918,0.7383061383061383,30
satimage,8,euclidean,55,0.4932828515594021,0.2945550335346514,1.160288763545282,0.7936285936285936,30
satimage,8,euclidean,67,0.5053948617374023,0.2944066444137055,1.1506335384340174,0.7976689976689977,30
satimage,8,euclidean,79,0.5549877599832314,0.3172159768455627,1.2000955218456704,0.8073038073038074,30
satimage,8,euclidean,100,0.4542284200139471,0.2959931916879156,1.1461452133070096,0.764102564102564,30
satimage,8,manhattan,0,0.508624561272683,0.2939417330483957,1.1607049414627029,0.7926961926961927,12
satimage,8,manhattan,12,0.5020811728627878,0.2934343429152702,1.1636712924295314,0.7886557886557887,30
satimage,8,manhattan,24,0.4555569549769872,0.2936033262519392,1.16551697828685,0.7389277389277389,30
satimage,8,manhattan,33,0.5255489415160611,0.3211121682140653,1.1720380304720803,0.7575757575757576,20
satimage,8,manhattan,36,0.4455696603411726,0.2942774366949243,1.1644139798355648,0.7393939393939394,18
satimage,8,manhattan,42,0.4561845065110753,0.2928463886439728,1.1748652332985992,0.7411033411033411,30
satimage,8,manhattan,55,0.5550903843187444,0.3195004556335735,1.1910192255452283,0.8104118104118104,24
satimage,8,manhattan,67,0.4472606631215834,0.2944803844491174,1.1580002504332725,0.7392385392385392,22
satimage,8,manhattan,79,0.5733735722167473,0.3155447306382651,1.213632225310736,0.8169386169386169,28
satimage,8,manhattan,100,0.5543540792072481,0.3171019248188093,1.1960398185047914,0.8107226107226108,26
splice,2,cosine,0,0.11942866292806,0.0162392069620041,7.826356064259059,0.550232867598137,18
splice,2,cosine,12,0.1459739200584727,0.0160644665199006,7.827004267343476,0.5555555555555556,11
splice,2,cosine,24,0.141284395820059,0.0161949204581186,7.82313469889341,0.5508982035928144,10
splice,2,cosine,33,0.1430184695423504,0.0163537874814527,7.817979286415096,0.5565535595475716,12
splice,2,cosine,36,0.1313328177697999,0.0162687643305908,7.8243763899011505,0.550232867598137,21
splice,2,cosine,42,0.3271817626916634,0.0122569552262796,7.810505703490343,0.6789753825681969,30
splice,2,cosine,55,0.1706288666412013,0.0161060147696801,7.821712240159259,0.5668662674650699,20
splice,2,cosine,67,0.1680626617211637,0.0161283116135518,7.8214625556154544,0.5655355954757152,16
splice,2,cosine,79,0.1252595092504529,0.0161600035031692,7.827426897375478,0.550232867598137,10
splice,2,cosine,100,0.1301169478514065,0.0162992341365588,7.822831673651789,0.550232867598137,25
splice,2,euclidean,0,0.1421246559430837,0.0160075212489539,7.825754142350488,0.551230871590153,19
splice,2,euclidean,12,0.1713012717641996,0.0158089707268101,7.825752548260289,0.5695276114437791,9
splice,2,euclidean,24,0.1692349172748663,0.0158876072378003,7.824838263941594,0.5665335994677312,14
splice,2,euclidean,33,0.1763384829056274,0.0160948507227343,7.8209251063252445,0.5738522954091816,14
splice,2,euclidean,36,0.1561870424208278,0.0160725955418938,7.825743907571508,0.5625415834996673,18
splice,2,euclidean,42,0.3758992400475313,0.0117785325384053,7.71164999796964,0.7022621423819029,30
splice,2,euclidean,55,0.1968813259146915,0.0158440038651221,7.824130751939384,0.5805056553559548,20
splice,2,euclidean,67,0.1962021924980894,0.015830648328926,7.823828147457609,0.5801729873586161,16
splice,2,euclidean,79,0.148026463303187,0.0159650238486014,7.826497324127613,0.5545575515635396,11
splice,2,euclidean,100,0.1537689223418872,0.0160888625304415,7.825461939392392,0.5615435795076513,18
splice,2,manhattan,0,0.0098567648770892,0.0172788327212065,7.68771477235437,0.550232867598137,13
splice,2,manhattan,12,0.0115306186281903,0.0174574434372468,7.666695932459201,0.550232867598137,11
splice,2,manhattan,24,0.0104376366425304,0.0174474179329439,7.665813737356045,0.550232867598137,11
splice,2,manhattan,33,0.0118002988876489,0.0174016246323022,7.675355789052709,0.550232867598137,10
splice,2,manhattan,36,0.0090442536931832,0.0172725630913305,7.687579229896098,0.550232867598137,15
splice,2,manhattan,42,0.1473087964511008,0.0135538136893182,8.451095211262432,0.550232867598137,25
splice,2,manhattan,55,0.0119544987273518,0.0174739448522859,7.666655287677523,0.550232867598137,24
splice,2,manhattan,67,0.010773604893881,0.0174589589327297,7.666301250539566,0.550232867598137,27
splice,2,manhattan,79,0.0116697076513012,0.017395919130762,7.676562687230604,0.550232867598137,9
splice,2,manhattan,100,0.0090442536931832,0.0172774558181285,7.687623754891993,0.550232867598137,21
splice,3,cosine,0,0.3053073418681969,0.0130363918838791,7.050579853732482,0.6979374584165003,30
splice,3,cosine,12,0.3893875080132313,0.0128533684487203,6.977288756934279,0.7501663339986693,18
splice,3,cosine,24,0.2914251590845906,0.0130563672762569,7.057508768364514,0.6882900864936793,30
splice,3,cosine,33,0.3467959832200374,0.0129091450456737,6.901125457160226,0.7348636061210911,30
splice,3,cosine,36,0.4102631806711345,0.0127634840932531,6.966305907236858,0.7638057218895542,18
splice,3,cosine,42,0.356256213935243,0.0129883060057569,7.02310166727507,0.729208250166334,26
splice,3,cosine,55,0.3978299410909219,0.0127903654558787,6.979045279966706,0.7561543579507651,22
splice,3,cosine,67,0.2620176912518824,0.0130913068653154,7.086111631766438,0.6793080505655356,30
splice,3,cosine,79,0.3092582671327791,0.0130893526549314,6.947186573296382,0.7102461743180306,30
splice,3,cosine,100,0.3813035786115963,0.012920490261315,6.980431884034917,0.7461743180306054,22
splice,3,euclidean,0,0.3806545836405565,0.0126604999436858,6.985594275992305,0.7441783100465735,30
splice,3,euclidean,12,0.4505867338941573,0.0123499857297024,6.973489818220085,0.782435129740519,18
splice,3,euclidean,24,0.3498148741101728,0.012700641891961,7.0180762985034,0.7265469061876247,30
splice,3,euclidean,33,0.4388951713333648,0.0123907687477162,6.917964814449145,0.7817697937458417,30
splice,3,euclidean,36,0.4848557477414703,0.0121159791643713,6.9482120666111085,0.8000665335994678,15
splice,3,euclidean,42,0.3943078983883761,0.0126627602252968,6.988728455634267,0.7511643379906853,30
splice,3,euclidean,55,0.4665686115527586,0.0122314627482373,6.970030963708783,0.7904191616766467,24
splice,3,euclidean,67,0.3213893632053306,0.0126541449436549,7.045496164087052,0.7079174983366601,30
splice,3,euclidean,79,0.3743076291193099,0.0126480783662747,6.95170122552523,0.7465069860279441,30
splice,3,euclidean,100,0.4405257196341042,0.0124240458952401,6.968073967180749,0.7781104457751165,19
splice,3,manhattan,0,0.1685187447309388,0.014081417969141,7.243711168156763,0.6220891550232868,21
splice,3,manhattan,12,0.1748837439321659,0.014116107560535,7.232756621862539,0.6220891550232868,30
splice,3,manhattan,24,0.1074838500785963,0.0145971518148414,7.500161545838258,0.6224218230206254,15
splice,3,manhattan,33,0.1770458872420683,0.0141360758675218,7.229059831516669,0.6157684630738522,25
splice,3,manhattan,36,0.0316562746635686,0.0133135737575307,7.470279341166702,0.550232867598137,19
splice,3,manhattan,42,0.1719780852041842,0.0141048158886395,7.234313996594492,0.6214238190286094,25
splice,3,manhattan,55,0.012603237547813,0.0136330060875631,7.461327893055368,0.550232867598137,15
splice,3,manhattan,67,0.0433591599039998,0.0146044517661918,7.432372939143216,0.5658682634730539,19
splice,3,manhattan,79,0.1716759265415747,0.0141125991975424,7.238503870446622,0.6144377910844977,24
splice,3,manhattan,100,0.1749544343982116,0.0140613991898432,7.239107592120837,0.6207584830339321,30
splice,4,cosine,0,0.4159419916177619,0.0128388527416236,7.056458974076478,0.8672654690618763,20
splice,4,cosine,12,0.3315272292486864,0.0104721425256531,6.81592750515667,0.7548236859614105,30
splice,4,cosine,24,0.4365109051552798,0.0128521959706815,7.052245710861468,0.8809048569527611,18
splice,4,cosine,33,0.3965354104337658,0.0123698916734201,7.023331373158144,0.8486360612109115,25
splice,4,cosine,36,0.3204443701296629,0.0108367884945903,6.865696247817905,0.7182302062541583,30
splice,4,cosine,42,0.4434229446118629,0.0128964819566232,7.0404195725963055,0.886892880904857,28
splice,4,cosine,55,0.3348459135456439,0.0117391249581346,7.032214653685566,0.7624750499001997,30
splice,4,cosine,67,0.4071896808662641,0.0127181885134038,7.022899787072469,0.8622754491017964,23
splice,4,cosine,79,0.3215090177382572,0.0102628058214029,6.826979145087355,0.7208915502328676,30
splice,4,cosine,100,0.4264491176147358,0.0127516804242291,7.01535998929214,0.8772455089820359,16
splice,4,euclidean,0,0.4305795783193415,0.0125828314185014,7.075312839106868,0.8745841650033267,23
splice,4,euclidean,12,0.3862380564997664,0.0099994565779309,6.722818735839751,0.7757817697937458,30
splice,4,euclidean,24,0.4411305861422509,0.0126059270242023,7.071659358970055,0.8832335329341318,14
splice,4,euclidean,33,0.419744572930407,0.0119344088630227,7.039120593375626,0.8592814371257484,21
splice,4,euclidean,36,0.3895386943700091,0.010295943823573,6.838707437308469,0.7541583499667333,30
splice,4,euclidean,42,0.4559612865311692,0.0126747851192159,7.057884959382053,0.8938789088489687,23
splice,4,euclidean,55,0.4148068688591311,0.0115606917157429,7.007406734870177,0.8323353293413174,30
splice,4,euclidean,67,0.4256661095991912,0.012319924009925,7.047163323241989,0.8712574850299402,20
splice,4,euclidean,79,0.3683850191604131,0.0100074493876073,6.735775552789514,0.7504990019960079,26
splice,4,euclidean,100,0.4434804189891805,0.0124691907859752,7.040697415175371,0.885894876912841,22
splice,4,manhattan,0,0.1971029690135446,0.0142332150590713,6.9295578917486464,0.7005988023952096,26
splice,4,manhattan,12,0.115793918447403,0.012948866266489,7.525494440901758,0.6097804391217565,30
splice,4,manhattan,24,0.2024928657484483,0.0141134022047775,7.017298704249065,0.7105788423153693,26
splice,4,manhattan,33,0.1969464561703102,0.0136491056830111,7.089982154164178,0.7062541583499667,30
splice,4,manhattan,36,0.1209758581864989,0.0130191448795527,7.539575258247853,0.6157684630738522,28
splice,4,manhattan,42,0.2445960944164778,0.0141698294902903,6.968480160040992,0.7504990019960079,24
splice,4,manhattan,55,0.0899377834286482,0.0119163823806323,7.924241516803419,0.5894876912840985,30
splice,4,manhattan,67,0.0521082322684889,0.0133403850070155,7.710086951841846,0.613107119095143,30
splice,4,manhattan,79,0.1407169680126857,0.0122218372764848,7.316022153424717,0.6410512308715901,27
splice,4,manhattan,100,0.2479167378927556,0.0141647907235884,6.948313899946397,0.7531603459747173,16
splice,5,cosine,0,0.3446972090201957,0.0104418364330407,7.150517259342529,0.8393213572854291,30
splice,5,cosine,12,0.317027367877319,0.0118680239456196,7.480279039343399,0.8439787092481703,26
splice,5,cosine,24,0.3585945204928878,0.0108768058201085,7.456927705716566,0.8386560212907518,30
splice,5,cosine,33,0.3544528190339947,0.0126603918116366,7.571592955277116,0.8872255489021956,23
splice,5,cosine,36,0.3489218969791134,0.0105389307515761,7.155655584794002,0.8363273453093812,30
splice,5,cosine,42,0.325073932173346,0.0122659514755168,7.590281944491809,0.8652694610778443,25
splice,5,cosine,55,0.354995576295859,0.0109459311573553,7.212221679738333,0.8386560212907518,30
splice,5,cosine,67,0.3228989764066806,0.0119612856119185,7.51427327771607,0.8516300731869594,25
splice,5,cosine,79,0.3445239827302135,0.010580759749144,7.125999923688663,0.8413173652694611,21
splice,5,cosine,100,0.3733503265772944,0.0127395698151899,7.422450244782416,0.8992015968063872,22
splice,5,euclidean,0,0.3757174592508464,0.0097834201312315,7.133353405461984,0.8606121091151031,30
splice,5,euclidean,12,0.3306454780009095,0.0115121253315927,7.529108382051417,0.8502994011976048,27
splice,5,euclidean,24,0.3776564787752273,0.0104146036623781,7.454170286525041,0.8416500332667998,30
splice,5,euclidean,33,0.3589008125013123,0.0122997780625958,7.609672194341813,0.8895542248835662,16
splice,5,euclidean,36,0.3583613760432855,0.0101754855930598,7.1684739322017945,0.843313373253493,27
splice,5,euclidean,42,0.3356322133982936,0.0119139624905617,7.634579970212842,0.8699268130405855,30
splice,5,euclidean,55,0.3697768700193554,0.0105419290397535,7.223334121878915,0.844311377245509,17
splice,5,euclidean,67,0.3353915271324356,0.0114394411632724,7.5611436502312515,0.8582834331337326,18
splice,5,euclidean,79,0.3728364239362358,0.0099413108811497,7.148382617530689,0.8609447771124418,22
splice,5,euclidean,100,0.3789488530049018,0.0126129598304155,7.440507012606074,0.9018629407850964,27
splice,5,manhattan,0,0.2026842501869266,0.0140381148503036,7.388928934358131,0.7501663339986693,22
splice,5,manhattan,12,0.1981206114003543,0.0136713088089789,7.263795456723311,0.7478376580172987,23
splice,5,manhattan,24,0.2015169713850645,0.0140090364922209,7.300531318244336,0.7521623419827013,24
splice,5,manhattan,33,0.2416193195421352,0.0138094419616846,7.307586002181848,0.7937458416500333,30
splice,5,manhattan,36,0.078818812850385,0.011434406831637,7.565384279544553,0.6487025948103793,28
splice,5,manhattan,42,0.2426403496429726,0.0138999380924209,7.212003057080682,0.7934131736526946,23
splice,5,manhattan,55,0.1500882487164218,0.0127354869597242,7.4339894823860835,0.7019294743845642,30
splice,5,manhattan,67,0.1964262337617387,0.0136997086941883,7.257775502755521,0.7504990019960079,30
splice,5,manhattan,79,0.1384045620964565,0.0122744699147748,7.101043255309759,0.6483699268130406,19
splice,5,manhattan,100,0.2570063201911799,0.0139150325642339,7.212226602230707,0.8063872255489022,23
vowel,2,cosine,0,0.008117323029837,0.158534869601241,2.23186661670987,0.1272727272727272,26
vowel,2,cosine,12,0.0103697590037956,0.158624968568127,2.2253856825977407,0.1323232323232323,16
vowel,2,cosine,24,0.0103697590037956,0.158624968568127,2.2253856825977407,0.1323232323232323,28
vowel,2,cosine,33,0.0777872013971477,0.1192291541484198,2.606326975210098,0.1757575757575757,20
vowel,2,cosine,36,0.007137124408615,0.1576789261121239,2.2482684358675,0.1262626262626262,30
vowel,2,cosine,42,0.0104521486240816,0.1579380240995934,2.229116235431774,0.1313131313131313,9
vowel,2,cosine,55,0.0111380101487159,0.1597415539615382,2.2071425569004663,0.1323232323232323,30
vowel,2,cosine,67,0.0051594091940195,0.1524180059255205,2.3084412578751987,0.1242424242424242,8
vowel,2,cosine,79,0.0103697590037956,0.158624968568127,2.2253856825977407,0.1323232323232323,20
vowel,2,cosine,100,0.0076591211131848,0.1584731742715707,2.236953918454142,0.1272727272727272,13
vowel,2,euclidean,0,0.0305372739148327,0.1249873000303256,2.3983046909524885,0.1464646464646464,10
vowel,2,euclidean,12,0.0149398162108501,0.1809374574751827,1.88831240214605,0.1373737373737373,7
vowel,2,euclidean,24,0.0148997036779579,0.1812297086909571,1.8893013609318527,0.1373737373737373,13
vowel,2,euclidean,33,0.0150865937642369,0.1818579766152973,1.874840003890791,0.1373737373737373,15
vowel,2,euclidean,36,0.0149297699694422,0.1809957328208219,1.89269983649819,0.1373737373737373,21
vowel,2,euclidean,42,0.0156356836060204,0.1757474321435565,1.9603231391849856,0.1373737373737373,15
vowel,2,euclidean,55,0.0148997036779579,0.1812297086909571,1.8893013609318527,0.1373737373737373,17
vowel,2,euclidean,67,0.0156356836060204,0.1757474321435565,1.9603231391849856,0.1373737373737373,30
vowel,2,euclidean,79,0.0156356836060204,0.1757474321435565,1.9603231391849856,0.1373737373737373,29
vowel,2,euclidean,100,0.0156356836060204,0.1757474321435565,1.9603231391849856,0.1373737373737373,29
vowel,2,manhattan,0,0.0004173753459141,0.1428032675666502,2.426933665925137,0.108080808080808,10
vowel,2,manhattan,12,0.0004173753459141,0.1428032675666502,2.426933665925137,0.108080808080808,11
vowel,2,manhattan,24,0.0004173753459141,0.1428032675666502,2.426933665925137,0.108080808080808,21
vowel,2,manhattan,33,0.0004173753459141,0.1428032675666502,2.426933665925137,0.108080808080808,12
vowel,2,manhattan,36,0.0004173753459141,0.1428032675666502,2.426933665925137,0.108080808080808,13
vowel,2,manhattan,42,0.0004173753459141,0.1428032675666502,2.426933665925137,0.108080808080808,9
vowel,2,manhattan,55,0.0004173753459141,0.1428032675666502,2.426933665925137,0.108080808080808,22
vowel,2,manhattan,67,-0.0010798129397221,0.1381971873297135,2.4853453956839293,0.1,3
vowel,2,manhattan,79,0.0004173753459141,0.1428032675666502,2.426933665925137,0.108080808080808,12
vowel,2,manhattan,100,-0.0010798129397221,0.1381971873297135,2.4853453956839293,0.1,5
vowel,3,cosine,0,0.0387065319045713,0.1482840449180862,2.0501359401772032,0.1474747474747474,14
vowel,3,cosine,12,0.0804542393511936,0.1569186657815802,2.04453049170522,0.1797979797979798,24
vowel,3,cosine,24,0.0802662553455171,0.1568123382505163,2.04479934645737,0.1797979797979798,23
vowel,3,cosine,33,0.0802662553455171,0.1568123382505163,2.04479934645737,0.1797979797979798,21
vowel,3,cosine,36,0.0802662553455171,0.1568123382505163,2.04479934645737,0.1797979797979798,13
vowel,3,cosine,42,0.0804542393511936,0.1569186657815802,2.04453049170522,0.1797979797979798,25
vowel,3,cosine,55,0.0802662553455171,0.1568123382505163,2.04479934645737,0.1797979797979798,26
vowel,3,cosine,67,0.0804542393511936,0.1569186657815802,2.04453049170522,0.1797979797979798,22
vowel,3,cosine,79,0.0804542393511936,0.1569186657815802,2.04453049170522,0.1797979797979798,14
vowel,3,cosine,100,0.0804542393511936,0.1569186657815802,2.04453049170522,0.1797979797979798,19
vowel,3,euclidean,0,0.034590435295484,0.1490005338431218,1.9811850943540437,0.1767676767676767,7
vowel,3,euclidean,12,0.0660008229741082,0.1562695042288688,2.0979113978381427,0.1757575757575757,30
vowel,3,euclidean,24,0.0725929604551138,0.1543039518186148,2.056998428901695,0.1787878787878788,21
vowel,3,euclidean,33,0.032453411621203,0.1513627801860897,1.9779444531974868,0.1585858585858585,11
vowel,3,euclidean,36,0.0601419429240062,0.1566844109527928,2.0930028141015438,0.1727272727272727,30
vowel,3,euclidean,42,0.0669871007249651,0.155978748397314,2.09506006579439,0.1757575757575757,30
vowel,3,euclidean,55,0.0756584875136871,0.154943937777962,2.0421202757856984,0.1797979797979798,18
vowel,3,euclidean,67,0.0671628800366872,0.1559152851411199,2.0941289478410763,0.1757575757575757,30
vowel,3,euclidean,79,0.0725929604551138,0.1543039518186148,2.056998428901695,0.1787878787878788,22
vowel,3,euclidean,100,0.0763058618550855,0.1551601393623716,2.0799056604862165,0.1777777777777777,25
vowel,3,manhattan,0,0.0294135657718772,0.145977163360692,2.035354368174008,0.1494949494949495,10
vowel,3,manhattan,12,0.0246449439896549,0.151847445014625,2.0835167804541994,0.1444444444444444,12
vowel,3,manhattan,24,0.0253857563615728,0.1519591926648855,2.085456475133647,0.1464646464646464,18
vowel,3,manhattan,33,0.0294135657718772,0.145977163360692,2.035354368174008,0.1494949494949495,9
vowel,3,manhattan,36,0.0253857563615728,0.1519591926648855,2.085456475133647,0.1464646464646464,22
vowel,3,manhattan,42,0.0253857563615728,0.1519591926648855,2.085456475133647,0.1464646464646464,12
vowel,3,manhattan,55,0.0253857563615728,0.1519591926648855,2.085456475133647,0.1464646464646464,15
vowel,3,manhattan,67,0.0253857563615728,0.1519591926648855,2.0854564751336464,0.1464646464646464,11
vowel,3,manhattan,79,0.0596922611331668,0.1519943291380348,2.1069256225389985,0.1747474747474747,10
vowel,3,manhattan,100,0.0249532626604508,0.1520763796016053,2.0845046734290005,0.1454545454545454,7
vowel,4,cosine,0,0.0966248629085804,0.1711358260405829,1.7628927939656205,0.1929292929292929,12
vowel,4,cosine,12,0.0963625408220511,0.171133096679848,1.7649984273933037,0.1939393939393939,11
vowel,4,cosine,24,0.097066786789042,0.1710461815497021,1.7628680367687104,0.1939393939393939,10
vowel,4,cosine,33,0.0963625408220511,0.171133096679848,1.7649984273933037,0.1939393939393939,23
vowel,4,cosine,36,0.0972925877183056,0.1713332990390492,1.7640406649769451,0.1929292929292929,19
vowel,4,cosine,42,0.0970703717492009,0.1711098756790056,1.765518507880111,0.1959595959595959,12
vowel,4,cosine,55,0.0972925877183056,0.1713332990390492,1.7640406649769451,0.1929292929292929,15
vowel,4,cosine,67,0.0963625408220511,0.171133096679848,1.7649984273933037,0.1939393939393939,10
vowel,4,cosine,79,0.097980398418763,0.1709626228992418,1.7645469402035852,0.1939393939393939,8
vowel,4,cosine,100,0.0968569753054564,0.1710758147523106,1.7654114795193998,0.1949494949494949,8
vowel,4,euclidean,0,0.0960505819662311,0.1708164145902314,1.8137934792301436,0.206060606060606,16
vowel,4,euclidean,12,0.0895221375486229,0.1721549272833807,1.8008567222446084,0.1949494949494949,9
vowel,4,euclidean,24,0.095000120993003,0.1707048099524068,1.8131446446068,0.203030303030303,19
vowel,4,euclidean,33,0.0905946055343862,0.1711480096407338,1.8136989856272208,0.2,19
vowel,4,euclidean,36,0.0929795563936408,0.1713781522358879,1.8149653354997997,0.2,13
vowel,4,euclidean,42,0.0955393142463223,0.1708455400994778,1.8129048875105251,0.203030303030303,21
vowel,4,euclidean,55,0.095000120993003,0.1707048099524068,1.8131446446068005,0.203030303030303,30
vowel,4,euclidean,67,0.0887194815941201,0.1721060143863095,1.7977322088522008,0.1949494949494949,11
vowel,4,euclidean,79,0.0942604258523117,0.1703761453086832,1.8124967142153017,0.205050505050505,12
vowel,4,euclidean,100,0.0877298572670719,0.1722960396570979,1.7935833517476985,0.1929292929292929,8
vowel,4,manhattan,0,0.0698321366166363,0.1653576702982191,1.875207136843397,0.1818181818181818,16
vowel,4,manhattan,12,0.0704385985903454,0.1651480355095666,1.8829372845172447,0.1838383838383838,18
vowel,4,manhattan,24,0.0698321366166363,0.1653576702982191,1.8752071368433965,0.1818181818181818,24
vowel,4,manhattan,33,0.0598170859843947,0.1464331558620105,2.0583341001374245,0.1737373737373737,30
vowel,4,manhattan,36,0.069564720820011,0.1650487626263522,1.876549199252536,0.1818181818181818,18
vowel,4,manhattan,42,0.0712447121076399,0.1657229345061921,1.876908301959246,0.1828282828282828,17
vowel,4,manhattan,55,0.0698321366166363,0.1653576702982191,1.875207136843397,0.1818181818181818,15
vowel,4,manhattan,67,0.0319922370619357,0.1274347546909251,2.4804063948291826,0.1444444444444444,6
vowel,4,manhattan,79,0.0690754313289029,0.1649685445637211,1.8769152114406136,0.1808080808080808,30
vowel,4,manhattan,100,0.0710857410495547,0.1655146674850617,1.8766052041041656,0.1828282828282828,11
vowel,5,cosine,0,0.1014087265561153,0.1527624516416979,1.8742706873091577,0.2212121212121212,17
vowel,5,cosine,12,0.1099811544254146,0.1437805638062442,1.8512186854333603,0.2353535353535353,21
vowel,5,cosine,24,0.1287505921272069,0.1523765955266087,1.8359989394032643,0.2343434343434343,12
vowel,5,cosine,33,0.1283865402608275,0.1523597589526509,1.833936232486596,0.2333333333333333,25
vowel,5,cosine,36,0.1235339588372953,0.1547179510503739,1.874805834875162,0.2303030303030303,29
vowel,5,cosine,42,0.096942877765765,0.1470979122650556,2.0035676461347327,0.2111111111111111,10
vowel,5,cosine,55,0.0883920687282752,0.1459060001688397,2.0127776245536007,0.1939393939393939,30
vowel,5,cosine,67,0.0940766696664305,0.1549666208537398,1.9209145798324216,0.1959595959595959,14
vowel,5,cosine,79,0.1186744519693302,0.1349215703762625,1.9115852645991207,0.2282828282828282,7
vowel,5,cosine,100,0.101951067376031,0.145195062019303,1.8471529944730456,0.2222222222222222,6
vowel,5,euclidean,0,0.0939666483395005,0.157360267875434,1.8280502800454623,0.2222222222222222,22
vowel,5,euclidean,12,0.1019144020894952,0.1483377793195789,2.0432269341886324,0.2333333333333333,17
vowel,5,euclidean,24,0.1301456721490975,0.1533461144177748,1.837011466682133,0.2343434343434343,20
vowel,5,euclidean,33,0.087150729113902,0.1521443523733497,1.9959705205178169,0.1959595959595959,15
vowel,5,euclidean,36,0.0950628166096278,0.1470842496724769,1.9550799006780732,0.2232323232323232,22
vowel,5,euclidean,42,0.1033625632593469,0.1539899047868773,1.824670021923224,0.2111111111111111,30
vowel,5,euclidean,55,0.1293732171806196,0.1483038437983563,1.942263131482885,0.2595959595959596,29
vowel,5,euclidean,67,0.1261402804422294,0.1573258664733668,1.87759636736053,0.2343434343434343,14
vowel,5,euclidean,79,0.1263045240664021,0.1481224651670719,1.9531451868889549,0.2565656565656565,13
vowel,5,euclidean,100,0.0966686565942099,0.1460759935122959,1.967716245508772,0.2272727272727272,15
vowel,5,manhattan,0,0.0713378267201216,0.1458287956460781,2.0454448134874887,0.1949494949494949,16
vowel,5,manhattan,12,0.091516891643836,0.145682841300144,2.09567433248334,0.1858585858585858,26
vowel,5,manhattan,24,0.0713378267201216,0.1458287956460781,2.0454448134874887,0.1949494949494949,15
vowel,5,manhattan,33,0.0596812836189411,0.1432635453321503,2.141357657695636,0.1767676767676767,9
vowel,5,manhattan,36,0.0934653099329253,0.1464144348168154,2.088460733593706,0.1868686868686868,22
vowel,5,manhattan,42,0.1115390191914769,0.150658667331607,1.8602839980885588,0.2232323232323232,30
vowel,5,manhattan,55,0.0913549395696402,0.1472026533467411,2.088663268982712,0.1878787878787878,13
vowel,5,manhattan,67,0.0713378267201216,0.1458287956460781,2.0454448134874887,0.1949494949494949,14
vowel,5,manhattan,79,0.0718067960550099,0.1463780839838311,2.043465899020688,0.1939393939393939,11
vowel,5,manhattan,100,0.0713378267201216,0.1458287956460781,2.0454448134874887,0.1949494949494949,12
vowel,6,cosine,0,0.1380230582309614,0.1491410988624473,1.902229356339646,0.2575757575757575,16
vowel,6,cosine,12,0.1349638985871686,0.1407907306956692,1.8714514437442629,0.2616161616161616,17
vowel,6,cosine,24,0.1532754239768684,0.1369404338456674,1.8715146506806104,0.2636363636363636,8
vowel,6,cosine,33,0.1374813447210586,0.1413197828736238,1.879411488293225,0.2626262626262626,30
vowel,6,cosine,36,0.1333180416197978,0.1488441430791702,1.9243639871844973,0.2555555555555555,26
vowel,6,cosine,42,0.1030135999459145,0.1355371842432323,2.1056742203783334,0.2393939393939393,16
vowel,6,cosine,55,0.1272021589929482,0.1386565224136649,1.9166196049505364,0.2505050505050505,17
vowel,6,cosine,67,0.1285439352616446,0.1457308589642518,1.915804336302833,0.2494949494949495,21
vowel,6,cosine,79,0.1211305576636981,0.1423476679470282,1.8879236929991376,0.2434343434343434,15
vowel,6,cosine,100,0.1348246915472004,0.1414665564277769,1.877067782937144,0.2606060606060606,16
vowel,6,euclidean,0,0.1708949129351715,0.1514429890083367,1.9237400359996577,0.2868686868686869,18
vowel,6,euclidean,12,0.1395688519976275,0.1427729217704026,1.8945880153622037,0.2565656565656565,21
vowel,6,euclidean,24,0.1313035438404278,0.1433330580166276,1.9006865518453928,0.2515151515151515,30
vowel,6,euclidean,33,0.1310195661750477,0.1501170916277511,1.9060968890718009,0.2414141414141414,20
vowel,6,euclidean,36,0.1335768123421381,0.1506769749233362,1.8253410438505704,0.2676767676767677,17
vowel,6,euclidean,42,0.105041112928578,0.1377813988923789,1.928261021585916,0.2343434343434343,14
vowel,6,euclidean,55,0.1005517125742635,0.1480356544408879,1.9077709832301917,0.2494949494949495,19
vowel,6,euclidean,67,0.1344535054303622,0.1513422399157916,1.877624228557309,0.2454545454545454,26
vowel,6,euclidean,79,0.1353441299524548,0.1519530608390499,1.9038022897810607,0.2646464646464646,12
vowel,6,euclidean,100,0.0970695714275216,0.1430975295837933,1.8712350517858043,0.2333333333333333,12
vowel,6,manhattan,0,0.0847368953672593,0.1423865799473314,1.9388066326599416,0.2181818181818181,13
vowel,6,manhattan,12,0.097623662504932,0.1330052343097736,2.0117933786083766,0.2212121212121212,17
vowel,6,manhattan,24,0.0798547042701665,0.13675131334252,2.082422499754706,0.203030303030303,15
vowel,6,manhattan,33,0.0867188829198368,0.1369905926609332,2.0712235179480225,0.2101010101010101,11
vowel,6,manhattan,36,0.0648547076419633,0.1309653615806587,2.265242361165589,0.1848484848484848,21
vowel,6,manhattan,42,0.1241743407139459,0.1348505266482088,2.0392509412375674,0.2323232323232323,30
vowel,6,manhattan,55,0.0896821230946836,0.1431504610337876,2.0443178696433715,0.209090909090909,20
vowel,6,manhattan,67,0.1030313283258584,0.1418491672528764,1.9775891987032848,0.2272727272727272,30
vowel,6,manhattan,79,0.10383314983535,0.1448320544585974,1.9764158355103585,0.2363636363636363,16
vowel,6,manhattan,100,0.1003001022462554,0.1420871931921444,1.9747340240605984,0.2282828282828282,30
vowel,7,cosine,0,0.1430985701786336,0.1388483923703515,1.7972445571461846,0.2727272727272727,14
vowel,7,cosine,12,0.1361180608150724,0.1354820610336813,1.852442789350976,0.2616161616161616,16
vowel,7,cosine,24,0.142810323972484,0.1483323035050827,1.923851765623601,0.2757575757575757,16
vowel,7,cosine,33,0.1274903515553792,0.1402290168845772,1.850839142534652,0.2686868686868687,30
vowel,7,cosine,36,0.1266777463595443,0.1392397723172059,1.8950595196242763,0.2696969696969697,15
vowel,7,cosine,42,0.1299048475562831,0.1449296962523601,1.9483486637849123,0.2747474747474747,28
vowel,7,cosine,55,0.1154615160588727,0.140380912047328,1.8476664742164088,0.2484848484848484,15
vowel,7,cosine,67,0.1286016418959785,0.1421743432191104,2.0172094687921858,0.2383838383838384,30
vowel,7,cosine,79,0.1203677320124053,0.1509950495596052,1.872339134562568,0.2646464646464646,29
vowel,7,cosine,100,0.1303454497827264,0.1407625853688287,1.9625979329606784,0.2585858585858586,16
vowel,7,euclidean,0,0.1639738325995526,0.1526498271045274,1.892031176101584,0.2828282828282828,15
vowel,7,euclidean,12,0.1394868798021464,0.1369963613508512,1.852785788750568,0.2646464646464646,20
vowel,7,euclidean,24,0.1372097477300781,0.1445525056913138,1.842666297320916,0.2606060606060606,16
vowel,7,euclidean,33,0.1072713319182419,0.1441629410603453,1.9163458079145976,0.2333333333333333,30
vowel,7,euclidean,36,0.135617493217447,0.1508898105836588,1.8306748369438088,0.2646464646464646,20
vowel,7,euclidean,42,0.135279790588063,0.1465224052545827,1.8589830544935635,0.2707070707070707,23
vowel,7,euclidean,55,0.1344428811347547,0.1499561306458119,1.8709862257814027,0.2707070707070707,23
vowel,7,euclidean,67,0.1474954635672118,0.1482632461946788,1.8929948796513147,0.2656565656565656,21
vowel,7,euclidean,79,0.1458738515790314,0.148814328297544,1.9029008511895145,0.2777777777777778,14
vowel,7,euclidean,100,0.0904057370548881,0.1290583491304195,1.9651030702522012,0.2343434343434343,10
vowel,7,manhattan,0,0.0873918382437767,0.1405375433836474,1.972795438452895,0.2151515151515151,15
vowel,7,manhattan,12,0.0918756258318413,0.1385378978852047,2.0028501690719347,0.2202020202020202,16
vowel,7,manhattan,24,0.0783060035249518,0.1275321947395436,2.28065344038466,0.203030303030303,15
vowel,7,manhattan,33,0.0689245458916887,0.130564083641274,2.268625426786269,0.2,16
vowel,7,manhattan,36,0.0736514245304777,0.1352163020032494,2.187768381189222,0.2080808080808081,20
vowel,7,manhattan,42,0.1265116424390142,0.1361616876370113,2.001791067299136,0.2676767676767677,18
vowel,7,manhattan,55,0.092388234105959,0.1378231887429264,1.9553201767312005,0.2474747474747475,17
vowel,7,manhattan,67,0.1168043268001959,0.1298213894001552,2.073918019894544,0.2515151515151515,30
vowel,7,manhattan,79,0.0928507998010126,0.1382918856865436,1.9604378401463265,0.2464646464646464,16
vowel,7,manhattan,100,0.1152021708511428,0.1450945903540445,1.9052388226992991,0.2545454545454545,22
vowel,8,cosine,0,0.1517712915976294,0.1417490367059931,1.7403302860169203,0.2939393939393939,15
vowel,8,cosine,12,0.1237180974439919,0.1460427923283059,1.85134021825944,0.2626262626262626,16
vowel,8,cosine,24,0.1423511806558958,0.1400464385061676,1.965228525847002,0.2979797979797979,14
vowel,8,cosine,33,0.1380769727435496,0.1305871636857342,2.002602536864872,0.2848484848484848,17
vowel,8,cosine,36,0.1361666276385645,0.1445934551569589,1.8894608886061284,0.2919191919191919,13
vowel,8,cosine,42,0.1175546253623759,0.1344999074968537,2.0385583532143987,0.2686868686868687,12
vowel,8,cosine,55,0.1455355398623658,0.1457570542856282,1.8710514109271608,0.2848484848484848,14
vowel,8,cosine,67,0.1385690733759991,0.1403117744174939,1.9254912043045616,0.2828282828282828,30
vowel,8,cosine,79,0.1135991832864301,0.1457840710131923,1.8587060331837275,0.2676767676767677,11
vowel,8,cosine,100,0.1317067120936785,0.1428038015224796,1.85108894119034,0.2696969696969697,23
vowel,8,euclidean,0,0.1708924998784007,0.1554336618684039,1.7913548083109396,0.2939393939393939,16
vowel,8,euclidean,12,0.147164551871098,0.1534514183745163,1.8221014098377608,0.2636363636363636,30
vowel,8,euclidean,24,0.1367776544607933,0.1453817803518023,1.8219028372080013,0.2717171717171717,30
vowel,8,euclidean,33,0.1336505780757956,0.1437907853204295,1.9017572333540744,0.2666666666666666,30
vowel,8,euclidean,36,0.1352301126341838,0.1520610624219099,1.8673472072136923,0.2838383838383838,27
vowel,8,euclidean,42,0.1393578108922025,0.1463369615905569,1.941425241061395,0.2767676767676768,20
vowel,8,euclidean,55,0.1523766652704274,0.1555431470836265,1.810315545244172,0.2767676767676768,18
vowel,8,euclidean,67,0.1400482766103883,0.1453644820726503,1.9242823795436177,0.2707070707070707,23
vowel,8,euclidean,79,0.1473069524621708,0.1546126386746198,1.8623665665273517,0.2909090909090909,14
vowel,8,euclidean,100,0.107916439350111,0.1397827717621553,1.8563910726660853,0.2575757575757575,23
vowel,8,manhattan,0,0.0909481695291711,0.1428901537152259,1.8956557976606307,0.2303030303030303,20
vowel,8,manhattan,12,0.0930260403761623,0.1347432257551604,2.044942862864414,0.2363636363636363,16
vowel,8,manhattan,24,0.0884980882540514,0.1211561424175218,2.212983146090524,0.2101010101010101,27
vowel,8,manhattan,33,0.0810413818267517,0.1278641436280407,2.064655289406612,0.207070707070707,11
vowel,8,manhattan,36,0.0993668377512273,0.1462493020220673,1.992831089018888,0.2595959595959596,23
vowel,8,manhattan,42,0.1160758337530196,0.1278978001803987,2.125471600897112,0.2484848484848484,30
vowel,8,manhattan,55,0.1203069004820262,0.140820174008544,1.923963700616556,0.2727272727272727,15
vowel,8,manhattan,67,0.1219958415999586,0.1297845721651141,1.9295195421244429,0.2555555555555555,16
vowel,8,manhattan,79,0.0914804413104576,0.1353003990447629,2.0146904678594773,0.2323232323232323,19
vowel,8,manhattan,100,0.120128399516966,0.1467480395367096,1.8466097040077667,0.2696969696969697,22
vowel,9,cosine,0,0.1563606650047889,0.1526529753519457,1.7532963556105026,0.304040404040404,17
vowel,9,cosine,12,0.1232762172237267,0.1451667618049681,1.9077652926903916,0.2808080808080808,17
vowel,9,cosine,24,0.1409005978209318,0.1455316303196325,1.8558097559707685,0.3161616161616161,15
vowel,9,cosine,33,0.1607327770586293,0.1368281073014448,1.9203409711642965,0.298989898989899,18
vowel,9,cosine,36,0.1180882785321805,0.1353359676804289,2.1279966890677744,0.2818181818181818,22
vowel,9,cosine,42,0.116328478435025,0.1392874225993436,1.990175823010728,0.2787878787878788,26
vowel,9,cosine,55,0.14061903586607,0.1386605265687314,1.855107009526782,0.2888888888888888,20
vowel,9,cosine,67,0.1435567482784162,0.1397816028888349,1.8955133460218567,0.2888888888888888,14
vowel,9,cosine,79,0.1383513489070639,0.1403897464222111,1.813647628155565,0.2919191919191919,28
vowel,9,cosine,100,0.112867982042303,0.133608855670185,1.875440899616308,0.2777777777777778,25
vowel,9,euclidean,0,0.1537894226508563,0.1605367571415088,1.7319164516823389,0.2929292929292929,25
vowel,9,euclidean,12,0.1450819276084622,0.1530335298936386,1.8159473562182715,0.2737373737373737,21
vowel,9,euclidean,24,0.1430681769061326,0.1435013168568739,1.8638420284048085,0.3222222222222222,28
vowel,9,euclidean,33,0.1425996399708747,0.1365442578306327,1.952745651330848,0.2777777777777778,24
vowel,9,euclidean,36,0.1390697346250548,0.1558957085604442,1.844815180936388,0.2858585858585858,27
vowel,9,euclidean,42,0.1394752055260881,0.1509519784975877,1.837873710164094,0.2858585858585858,24
vowel,9,euclidean,55,0.1624929293542839,0.1514676276323127,1.8442256789427312,0.296969696969697,16
vowel,9,euclidean,67,0.1477121435671872,0.1494537400953446,1.867437565335134,0.2818181818181818,16
vowel,9,euclidean,79,0.1746716450970112,0.1498363482068148,1.8192683937742216,0.308080808080808,27
vowel,9,euclidean,100,0.1315080430594276,0.1425468113095604,1.8212023613188453,0.2747474747474747,23
vowel,9,manhattan,0,0.1071607131794833,0.1382896643964618,1.874982959742507,0.2646464646464646,21
vowel,9,manhattan,12,0.1020044037652892,0.1415389315629088,1.9660524199455005,0.2575757575757575,15
vowel,9,manhattan,24,0.0883231963876499,0.1233793357118254,2.0910787430479485,0.2303030303030303,12
vowel,9,manhattan,33,0.0937122220769703,0.1281147333067164,2.2030527869452605,0.2323232323232323,19
vowel,9,manhattan,36,0.08394866813922,0.1382782457266367,2.083262814084253,0.2464646464646464,18
vowel,9,manhattan,42,0.1189866281414316,0.1387985836868152,1.9699745681699377,0.2707070707070707,20
vowel,9,manhattan,55,0.1343634112574957,0.1303933948522696,1.883838061435137,0.2888888888888888,24
vowel,9,manhattan,67,0.1241999818922589,0.1379271853878426,1.8100765187208347,0.2707070707070707,15
vowel,9,manhattan,79,0.0859077111229044,0.1362711068506915,1.997992662810945,0.2434343434343434,27
vowel,9,manhattan,100,0.0820183096794355,0.1298020980637945,2.097830988304654,0.2262626262626262,17
vowel,10,cosine,0,0.1436620387155708,0.1582991770872485,1.702264114640035,0.3111111111111111,14
vowel,10,cosine,12,0.1308323884246402,0.1412965885367339,1.8463985992964929,0.2838383838383838,30
vowel,10,cosine,24,0.1329876380698935,0.1395360062002723,1.9676789146274207,0.304040404040404,10
vowel,10,cosine,33,0.147874136172339,0.1414261517073253,1.8926895748774055,0.2979797979797979,19
vowel,10,cosine,36,0.1432126748693556,0.1480330578801583,1.8715957236832088,0.3111111111111111,21
vowel,10,cosine,42,0.1227528579470709,0.1433717306675292,1.9065006116362435,0.2919191919191919,16
vowel,10,cosine,55,0.1408621991007923,0.1314552833069463,1.8692560071354047,0.2949494949494949,10
vowel,10,cosine,67,0.1449315380832394,0.1507459273499517,1.8637639242814508,0.298989898989899,16
vowel,10,cosine,79,0.124752737005533,0.1506076971439003,1.8437702765481525,0.2909090909090909,11
vowel,10,cosine,100,0.1212550387285057,0.148288423716707,1.7897418001862195,0.2898989898989899,23
vowel,10,euclidean,0,0.1604253103702505,0.1644540744481015,1.723143981906827,0.3131313131313131,17
vowel,10,euclidean,12,0.1383139457889188,0.1586725256414047,1.826553094479796,0.2949494949494949,22
vowel,10,euclidean,24,0.1496846979147463,0.1466024522971102,1.9080005430742089,0.3303030303030303,13
vowel,10,euclidean,33,0.1368188389155753,0.1414548900799042,1.8990419001392516,0.2909090909090909,15
vowel,10,euclidean,36,0.147219242427494,0.1567645700894898,1.8092454988259388,0.304040404040404,17
vowel,10,euclidean,42,0.1609176156673541,0.1425026364805213,1.8992218278139688,0.3151515151515151,15
vowel,10,euclidean,55,0.1704131773092295,0.1480453361950298,1.8953407082438103,0.3202020202020202,10
vowel,10,euclidean,67,0.1507444976079202,0.1555623530672381,1.8258115347439308,0.2939393939393939,15
vowel,10,euclidean,79,0.1352479763235168,0.145779960237667,1.832994817045725,0.2909090909090909,17
vowel,10,euclidean,100,0.1367543022532554,0.1496914768232859,1.7078241503189089,0.298989898989899,16
vowel,10,manhattan,0,0.133267035551509,0.1441177301916099,1.780370771659717,0.2949494949494949,16
vowel,10,manhattan,12,0.0933836519090937,0.1415513784557054,1.9840875621667864,0.2595959595959596,18
vowel,10,manhattan,24,0.078247096092925,0.1274390727569113,2.070039943774994,0.2272727272727272,20
vowel,10,manhattan,33,0.1153189123257504,0.1378760230726923,2.0822514784417807,0.2606060606060606,11
vowel,10,manhattan,36,0.113455056316958,0.1368559504123414,1.8690240480532487,0.2808080808080808,16
vowel,10,manhattan,42,0.1248187002242224,0.1367387040283695,1.954974190783612,0.2838383838383838,16
vowel,10,manhattan,55,0.1469973181329744,0.149515999303983,1.7365619771116072,0.3,30
vowel,10,manhattan,67,0.1003458890753641,0.132645273083482,2.0141953022768027,0.2575757575757575,28
vowel,10,manhattan,79,0.0959901854584122,0.1469940793401059,1.885741983835847,0.2545454545454545,16
vowel,10,manhattan,100,0.0920705713976225,0.1324269891996815,2.055590630113625,0.2434343434343434,22
vowel,11,cosine,0,0.1427411376586617,0.1559778745553454,1.7685894110944047,0.3151515151515151,12
vowel,11,cosine,12,0.1308299445853593,0.1408884133739716,1.8408179346559608,0.3090909090909091,18
vowel,11,cosine,24,0.1323567695084962,0.1338376712256485,2.0013729117968952,0.307070707070707,12
vowel,11,cosine,33,0.1491711520552369,0.1511688614828468,1.753057317370566,0.3252525252525252,14
vowel,11,cosine,36,0.1197441768838528,0.1371295657264111,2.0302661572911305,0.2909090909090909,18
vowel,11,cosine,42,0.1313179251603638,0.1528229997535521,1.792628649012849,0.308080808080808,27
vowel,11,cosine,55,0.1440907249898744,0.1480580319311406,1.8239108205580048,0.3090909090909091,18
vowel,11,cosine,67,0.1490896071296094,0.1507868196336841,1.7980246639428004,0.3131313131313131,16
vowel,11,cosine,79,0.1366911551307433,0.1536089367620544,1.7460866079908497,0.3131313131313131,29
vowel,11,cosine,100,0.1441119222110732,0.1430958037684873,1.8095099689348264,0.3171717171717171,18
vowel,11,euclidean,0,0.1554942403126371,0.1663748980323827,1.7257478458826492,0.3282828282828283,15
vowel,11,euclidean,12,0.1375778877695305,0.1617549928969469,1.7472339882198291,0.296969696969697,23
vowel,11,euclidean,24,0.1396890069643092,0.1490564073233615,1.91598503331139,0.3222222222222222,27
vowel,11,euclidean,33,0.133118118340799,0.158907028678039,1.8378637969990617,0.3121212121212121,17
vowel,11,euclidean,36,0.1597499367077663,0.1654535376904492,1.7592301438470308,0.3191919191919192,22
vowel,11,euclidean,42,0.1503187830026645,0.1418367428638876,1.88704911990954,0.3161616161616161,19
vowel,11,euclidean,55,0.1598834417571975,0.1662517805978023,1.702111518314112,0.3121212121212121,21
vowel,11,euclidean,67,0.1458980205012973,0.1559228406778239,1.7815439249075873,0.308080808080808,15
vowel,11,euclidean,79,0.1672872266827061,0.1630261431999186,1.725777327943821,0.3303030303030303,21
vowel,11,euclidean,100,0.149547108816328,0.1420172717615079,1.8414414663730083,0.3101010101010101,20
vowel,11,manhattan,0,0.1311047030715664,0.1414545147389576,1.850536048354455,0.296969696969697,17
vowel,11,manhattan,12,0.0937390254415533,0.1431592598251327,1.875733943586095,0.2646464646464646,30
vowel,11,manhattan,24,0.0832486269073247,0.1332006791307489,1.9753184719007155,0.2454545454545454,17
vowel,11,manhattan,33,0.1065536175745624,0.1430383563861145,2.055576124293029,0.2808080808080808,9
vowel,11,manhattan,36,0.0932901404705723,0.1325224204357188,1.9192094261884172,0.2646464646464646,18
vowel,11,manhattan,42,0.1260362765296058,0.1404218249863027,1.9409270810401311,0.305050505050505,14
vowel,11,manhattan,55,0.0949444897324318,0.1377872078277176,1.8368693830531728,0.2555555555555555,19
vowel,11,manhattan,67,0.0948252607751907,0.1260276100873311,1.9118400705781828,0.2666666666666666,22
vowel,11,manhattan,79,0.0915956161589591,0.1505108420267637,1.828589824193072,0.2535353535353535,16
vowel,11,manhattan,100,0.0962700550751279,0.1375138959386251,1.966676909174232,0.2585858585858586,26
vowel,12,cosine,0,0.1428017131490493,0.1629869875862755,1.7456601517627055,0.3292929292929293,16
vowel,12,cosine,12,0.1454261064479704,0.1423048164159156,1.796794155478327,0.3434343434343434,19
vowel,12,cosine,24,0.1368325774001201,0.1436682080603582,1.8805913947492376,0.3090909090909091,17
vowel,12,cosine,33,0.1542170649733495,0.1497214570805254,1.764776459291132,0.3464646464646465,14
vowel,12,cosine,36,0.1418525851491032,0.1497731484035578,1.7989812292111846,0.3252525252525252,15
vowel,12,cosine,42,0.1436051145443627,0.1535168460491346,1.7584541079780214,0.3343434343434343,30
vowel,12,cosine,55,0.1545218743347701,0.1420045892344461,1.8437985972438409,0.3404040404040404,8
vowel,12,cosine,67,0.143508231243897,0.1542167496208397,1.748714311622401,0.3222222222222222,17
vowel,12,cosine,79,0.1416676936969556,0.1557813453454699,1.7391820272252927,0.3313131313131313,30
vowel,12,cosine,100,0.1520455559099778,0.1529980013445403,1.7798212920941423,0.3282828282828283,16
vowel,12,euclidean,0,0.1515996525224662,0.1673075078296627,1.732769992172415,0.3292929292929293,16
vowel,12,euclidean,12,0.1431470647489656,0.166923151481469,1.7533699539922054,0.3151515151515151,28
vowel,12,euclidean,24,0.1470111402714006,0.1481445537930462,1.8476037498081956,0.3252525252525252,14
vowel,12,euclidean,33,0.1442548885269748,0.1551778176036717,1.799474157866202,0.3252525252525252,14
vowel,12,euclidean,36,0.1601528486908635,0.1487642377036123,1.846570050859839,0.3404040404040404,21
vowel,12,euclidean,42,0.1550691612427089,0.1517434460216823,1.8104968301039128,0.3343434343434343,16
vowel,12,euclidean,55,0.1717103227708551,0.15804060109094,1.7885189883744228,0.3444444444444444,23
vowel,12,euclidean,67,0.1343421274116531,0.1602735186137824,1.7495755486710571,0.307070707070707,23
vowel,12,euclidean,79,0.1677157789420802,0.1615101466243158,1.7034561708781435,0.3414141414141414,26
vowel,12,euclidean,100,0.1441438120316856,0.1520849945796271,1.8889407438872223,0.3232323232323232,18
vowel,12,manhattan,0,0.1351211844981233,0.1432771694007192,1.8456344859029616,0.3121212121212121,20
vowel,12,manhattan,12,0.1080626472999022,0.1376971127941796,1.887643494228744,0.2868686868686869,28
vowel,12,manhattan,24,0.0904177094090975,0.1375919753662537,1.872281365045844,0.2525252525252525,16
vowel,12,manhattan,33,0.094007610575755,0.1481772504187808,2.049420852880475,0.2646464646464646,9
vowel,12,manhattan,36,0.0959182917560928,0.1437968597692013,1.853362170617088,0.2737373737373737,22
vowel,12,manhattan,42,0.115286729757214,0.1467351062938501,1.8415454829481936,0.296969696969697,13
vowel,12,manhattan,55,0.118498141577782,0.1618085187788791,1.757018366710963,0.2949494949494949,21
vowel,12,manhattan,67,0.0947176214765071,0.1478158053710945,1.828957027169117,0.2696969696969697,26
vowel,12,manhattan,79,0.0981379573704472,0.1459521202647856,1.7709110799523842,0.2747474747474747,18
vowel,12,manhattan,100,0.1118201651591184,0.1517219870204645,1.898203557964427,0.2767676767676768,17
vowel,13,cosine,0,0.1299189892432737,0.1662639552305201,1.7262579416793653,0.3313131313131313,26
vowel,13,cosine,12,0.1359772348566328,0.1431075866969922,1.85244081754122,0.3383838383838384,30
vowel,13,cosine,24,0.12437993424766,0.1372085657080463,1.8052242165765608,0.3090909090909091,17
vowel,13,cosine,33,0.1668230719594975,0.1471791109728401,1.7283196334484532,0.3606060606060606,27
vowel,13,cosine,36,0.1493354609780166,0.1495704070139303,1.7543660518876625,0.3414141414141414,26
vowel,13,cosine,42,0.135307319913445,0.1480798154635752,1.7892566080850694,0.3171717171717171,22
vowel,13,cosine,55,0.145100798207466,0.1425929590147086,1.7524034567554998,0.3202020202020202,25
vowel,13,cosine,67,0.1608692904512501,0.1556478570100888,1.7122775935026435,0.3424242424242424,15
vowel,13,cosine,79,0.1480319053382785,0.1519106268623971,1.709807962868612,0.3525252525252525,22
vowel,13,cosine,100,0.1433708447795676,0.1437570151769215,1.88132284936538,0.3090909090909091,11
vowel,13,euclidean,0,0.1535703811988187,0.1621833154830928,1.710199922270713,0.3424242424242424,26
vowel,13,euclidean,12,0.1433759356123929,0.1636738688292671,1.7461184015402722,0.3343434343434343,28
vowel,13,euclidean,24,0.1364662126996698,0.1425181443410663,1.7976883783322977,0.3303030303030303,18
vowel,13,euclidean,33,0.1381950291570999,0.1513503669553488,1.8137479774619876,0.3363636363636363,27
vowel,13,euclidean,36,0.1470588978630553,0.1531112091577596,1.771298468463351,0.3181818181818182,17
vowel,13,euclidean,42,0.1365550399188563,0.1592219703626984,1.7209854595975251,0.3313131313131313,17
vowel,13,euclidean,55,0.1711470789985499,0.1620905804177884,1.7836073311648912,0.3585858585858585,24
vowel,13,euclidean,67,0.1523857230904521,0.1679465173798312,1.675685378126811,0.3444444444444444,22
vowel,13,euclidean,79,0.1769218282358274,0.1611365335820868,1.685246469278267,0.3646464646464646,27
vowel,13,euclidean,100,0.1413435020609567,0.1567141469977099,1.880666067746973,0.3212121212121212,20
vowel,13,manhattan,0,0.1072509581771307,0.1571749492785215,1.843286727650346,0.302020202020202,30
vowel,13,manhattan,12,0.1332929829008132,0.1581194206666228,1.794959680466617,0.3121212121212121,24
vowel,13,manhattan,24,0.0961677002294759,0.1364897681149583,1.912105827412192,0.2626262626262626,17
vowel,13,manhattan,33,0.0983253820712297,0.1442732149837032,1.9350812871591476,0.2696969696969697,12
vowel,13,manhattan,36,0.0873535900620079,0.1515634380012317,1.861220206952783,0.2606060606060606,22
vowel,13,manhattan,42,0.1079459690027646,0.1359446585215923,1.859730112755505,0.2838383838383838,11
vowel,13,manhattan,55,0.1161196909996022,0.159489625609611,1.8265218483206795,0.307070707070707,20
vowel,13,manhattan,67,0.0837501895119882,0.1494122654637831,1.9030184991379249,0.2525252525252525,26
vowel,13,manhattan,79,0.0849887611541913,0.1486478817198425,1.7942694693411616,0.2595959595959596,25
vowel,13,manhattan,100,0.0975718739419839,0.1498997994552597,1.9344901515558648,0.2676767676767677,11
vowel,14,cosine,0,0.1294358980050148,0.1680394583981367,1.7424847625745603,0.3313131313131313,13
vowel,14,cosine,12,0.1607750332216938,0.1536801496175704,1.7582751523312032,0.3656565656565657,24
vowel,14,cosine,24,0.1208709596327726,0.1483837450419538,1.7279917633087898,0.3212121212121212,19
vowel,14,cosine,33,0.1595771775809304,0.1551833814814577,1.6693133179897968,0.3565656565656566,26
vowel,14,cosine,36,0.1426071466584699,0.1531578860349279,1.7695804840759897,0.3444444444444444,14
vowel,14,cosine,42,0.1407826839665496,0.155628081438921,1.7507684851687824,0.3373737373737374,17
vowel,14,cosine,55,0.1583087192691097,0.1489943308929096,1.6996288943093307,0.3434343434343434,21
vowel,14,cosine,67,0.1594699463965434,0.1563358514441369,1.6527490720742046,0.3464646464646465,21
vowel,14,cosine,79,0.1300766737815695,0.163362182239285,1.6984625113847185,0.3414141414141414,18
vowel,14,cosine,100,0.1494930030355971,0.157062230591433,1.7073246622937943,0.3373737373737374,17
vowel,14,euclidean,0,0.1560419301190728,0.1698912758040648,1.753273241726673,0.3585858585858585,17
vowel,14,euclidean,12,0.1465114088678417,0.1717259077823228,1.679707960486338,0.3323232323232323,16
vowel,14,euclidean,24,0.1299785717811292,0.1469320156443965,1.7506118005627411,0.3313131313131313,15
vowel,14,euclidean,33,0.1491874835337626,0.1509453670923909,1.8235360461201653,0.3545454545454545,19
vowel,14,euclidean,36,0.1649191491290211,0.1624315070184728,1.7059580558501568,0.3595959595959596,24
vowel,14,euclidean,42,0.1410857679835236,0.162107375269381,1.7014049427162452,0.3383838383838384,17
vowel,14,euclidean,55,0.1715075423531525,0.1645126917016084,1.7683230637870508,0.3777777777777777,10
vowel,14,euclidean,67,0.1464754280888345,0.1592625190307347,1.7300055896428457,0.3353535353535353,19
vowel,14,euclidean,79,0.1623277498247638,0.161455664988855,1.676743194486397,0.3575757575757576,17
vowel,14,euclidean,100,0.1644541809847004,0.1666309432936233,1.7043653076283856,0.3535353535353535,13
vowel,14,manhattan,0,0.1212194940233663,0.1544828399180591,1.772041599857659,0.3090909090909091,17
vowel,14,manhattan,12,0.1258499166810538,0.1586809592722269,1.7712693186351671,0.295959595959596,14
vowel,14,manhattan,24,0.0927159743052023,0.1382751433214986,1.8633162191790045,0.2646464646464646,19
vowel,14,manhattan,33,0.0925161317072673,0.1506567756321165,1.8264072062170096,0.2636363636363636,14
vowel,14,manhattan,36,0.109364276857685,0.1531400180427336,1.746455354015265,0.2878787878787879,9
vowel,14,manhattan,42,0.1077705445458489,0.1485148856554447,1.7765066016130842,0.2858585858585858,25
vowel,14,manhattan,55,0.1136467226741536,0.1561582583481501,1.8153644004471832,0.301010101010101,26
vowel,14,manhattan,67,0.085768476115774,0.1492542743178904,1.7712281381094537,0.2494949494949495,27
vowel,14,manhattan,79,0.0999986026442846,0.1569163016376707,1.7653699980482536,0.2858585858585858,22
vowel,14,manhattan,100,0.1107078995088011,0.1535531586210509,1.80630188002276,0.2898989898989899,15
