k,distance,seed,Adjusted Rand Index,Davies-Bouldin Index,Silhouette Score,Purity Score,Time (s),Iterations,Error
2,euclidean,67,0.030537273914832706,2.3983046909524885,0.12498730003032564,0.14646464646464646,0.2432079315185547,10.0,
2,euclidean,100,0.030537273914832706,2.3983046909524885,0.12498730003032564,0.14646464646464646,0.08882927894592285,10.0,
2,euclidean,0,0.01492976996944227,1.89269983649819,0.18099573282082196,0.13737373737373737,0.07430672645568848,10.0,
2,euclidean,36,0.01492976996944227,1.89269983649819,0.18099573282082196,0.13737373737373737,0.08444809913635254,10.0,
2,euclidean,55,0.030537273914832706,2.3983046909524885,0.12498730003032564,0.14646464646464646,0.09420585632324219,10.0,
2,euclidean,33,0.030537273914832706,2.3983046909524885,0.12498730003032564,0.14646464646464646,0.09539318084716797,10.0,
2,euclidean,24,0.030537273914832706,2.3983046909524885,0.12498730003032564,0.14646464646464646,0.12432003021240234,10.0,
2,euclidean,12,0.030537273914832706,2.3983046909524885,0.12498730003032564,0.14646464646464646,0.10741877555847168,10.0,
2,manhattan,0,0.0004173753459141342,2.426933665925137,0.14280326756665024,0.10808080808080808,0.0911097526550293,10.0,
2,euclidean,79,0.01492976996944227,1.89269983649819,0.18099573282082196,0.13737373737373737,0.11026906967163086,10.0,
2,euclidean,42,0.015635683606020405,1.9603231391849858,0.17574743214355654,0.13737373737373737,0.3365938663482666,31.0,
2,manhattan,42,0.0004173753459141342,2.426933665925137,0.14280326756665024,0.10808080808080808,0.09874606132507324,10.0,
2,manhattan,36,0.0004173753459141342,2.426933665925137,0.14280326756665024,0.10808080808080808,0.03379082679748535,10.0,
2,manhattan,12,0.0004173753459141342,2.426933665925137,0.14280326756665024,0.10808080808080808,0.24332976341247559,10.0,
2,manhattan,55,0.0004173753459141342,2.426933665925137,0.14280326756665024,0.10808080808080808,0.24246001243591309,10.0,
2,manhattan,100,0.0004173753459141342,2.426933665925137,0.14280326756665024,0.10808080808080808,0.22647380828857422,10.0,
2,manhattan,33,0.0004173753459141342,2.426933665925137,0.14280326756665024,0.10808080808080808,0.20262479782104492,10.0,
2,manhattan,24,0.0004173753459141342,2.426933665925137,0.14280326756665024,0.10808080808080808,0.21477484703063965,10.0,
2,manhattan,67,0.0004173753459141342,2.426933665925137,0.14280326756665024,0.10808080808080808,0.21821808815002441,10.0,
2,manhattan,79,0.0004173753459141342,2.426933665925137,0.14280326756665024,0.10808080808080808,0.21654200553894043,10.0,
2,cosine,0,0.008117323029837007,2.23186661670987,0.15853486960124105,0.12727272727272726,0.22835373878479004,26.0,
2,cosine,42,0.008117323029837007,2.23186661670987,0.15853486960124105,0.12727272727272726,0.195418119430542,26.0,
2,cosine,36,0.008117323029837007,2.23186661670987,0.15853486960124105,0.12727272727272726,0.21013498306274414,26.0,
2,cosine,12,0.008117323029837007,2.23186661670987,0.15853486960124105,0.12727272727272726,0.19628095626831055,26.0,
2,cosine,55,0.008117323029837007,2.23186661670987,0.15853486960124105,0.12727272727272726,0.1566460132598877,26.0,
3,euclidean,42,0.03459043529548407,1.9811850943540434,0.1490005338431218,0.17676767676767677,0.1215219497680664,7.0,
3,euclidean,0,0.03459043529548407,1.9811850943540434,0.1490005338431218,0.17676767676767677,0.10657787322998047,7.0,
2,cosine,33,0.010930313831324062,2.2110019216195953,0.1594837453936129,0.13232323232323231,0.06347799301147461,6.0,
2,cosine,67,0.008117323029837007,2.23186661670987,0.15853486960124105,0.12727272727272726,0.26082515716552734,26.0,
2,cosine,24,0.008117323029837007,2.23186661670987,0.15853486960124105,0.12727272727272726,0.2702360153198242,26.0,
3,euclidean,12,0.03459043529548407,1.9811850943540434,0.1490005338431218,0.17676767676767677,0.09259200096130371,7.0,
3,euclidean,36,0.03459043529548407,1.9811850943540434,0.1490005338431218,0.17676767676767677,0.14813899993896484,7.0,
2,cosine,100,0.008117323029837007,2.23186661670987,0.15853486960124105,0.12727272727272726,0.2809171676635742,26.0,
2,cosine,79,0.008117323029837007,2.23186661670987,0.15853486960124105,0.12727272727272726,0.2680370807647705,26.0,
3,euclidean,67,0.03459043529548407,1.9811850943540434,0.1490005338431218,0.17676767676767677,0.17488694190979004,7.0,
3,euclidean,55,0.03459043529548407,1.9811850943540434,0.1490005338431218,0.17676767676767677,0.08273005485534668,7.0,
3,euclidean,100,0.03459043529548407,1.9811850943540434,0.1490005338431218,0.17676767676767677,0.08448100090026855,7.0,
3,euclidean,79,0.03459043529548407,1.9811850943540434,0.1490005338431218,0.17676767676767677,0.13568615913391113,7.0,
3,euclidean,24,0.03459043529548407,1.9811850943540434,0.1490005338431218,0.17676767676767677,0.42989110946655273,7.0,
3,euclidean,33,0.03459043529548407,1.9811850943540434,0.1490005338431218,0.17676767676767677,0.36905598640441895,7.0,
3,manhattan,42,0.029413565771877297,2.035354368174008,0.145977163360692,0.1494949494949495,0.22867369651794434,10.0,
3,manhattan,36,0.059692261133166814,2.1069256225389985,0.15199432913803482,0.17474747474747473,0.21629691123962402,10.0,
3,manhattan,0,0.029413565771877297,2.035354368174008,0.145977163360692,0.1494949494949495,0.21603894233703613,10.0,
3,manhattan,100,0.029413565771877297,2.035354368174008,0.145977163360692,0.1494949494949495,0.2003788948059082,10.0,
3,manhattan,12,0.029413565771877297,2.035354368174008,0.145977163360692,0.1494949494949495,0.2304239273071289,10.0,
3,manhattan,24,0.029413565771877297,2.035354368174008,0.145977163360692,0.1494949494949495,0.23335671424865723,10.0,
3,manhattan,55,0.029413565771877297,2.035354368174008,0.145977163360692,0.1494949494949495,0.23465418815612793,10.0,
3,manhattan,67,0.029413565771877297,2.035354368174008,0.145977163360692,0.1494949494949495,0.2259199619293213,10.0,
3,manhattan,79,0.029413565771877297,2.035354368174008,0.145977163360692,0.1494949494949495,0.2400209903717041,10.0,
3,cosine,42,0.038706531904571365,2.0501359401772032,0.1482840449180862,0.14747474747474748,0.11232709884643555,14.0,
3,cosine,0,0.038706531904571365,2.0501359401772032,0.1482840449180862,0.14747474747474748,0.1231832504272461,14.0,
3,manhattan,33,0.029413565771877297,2.035354368174008,0.145977163360692,0.1494949494949495,0.1235818862915039,10.0,
3,cosine,36,0.038706531904571365,2.0501359401772032,0.1482840449180862,0.14747474747474748,0.2914571762084961,14.0,
3,cosine,12,0.038706531904571365,2.0501359401772032,0.1482840449180862,0.14747474747474748,0.2868940830230713,14.0,
3,cosine,55,0.038706531904571365,2.0501359401772032,0.1482840449180862,0.14747474747474748,0.3200356960296631,14.0,
3,cosine,79,0.038706531904571365,2.0501359401772032,0.1482840449180862,0.14747474747474748,0.34539008140563965,14.0,
3,cosine,67,0.038706531904571365,2.0501359401772032,0.1482840449180862,0.14747474747474748,0.3285708427429199,14.0,
3,cosine,24,0.038706531904571365,2.0501359401772032,0.1482840449180862,0.14747474747474748,0.35000181198120117,14.0,
3,cosine,100,0.038706531904571365,2.0501359401772032,0.1482840449180862,0.14747474747474748,0.3372812271118164,14.0,
4,euclidean,0,0.09605058196623116,1.8137934792301433,0.17081641459023145,0.20606060606060606,0.39464616775512695,16.0,
4,euclidean,42,0.09605058196623116,1.8137934792301433,0.17081641459023145,0.20606060606060606,0.29379701614379883,16.0,
4,euclidean,36,0.09605058196623116,1.8137934792301433,0.17081641459023145,0.20606060606060606,0.2765390872955322,16.0,
3,cosine,33,0.038706531904571365,2.0501359401772032,0.1482840449180862,0.14747474747474748,0.34177517890930176,14.0,
4,euclidean,12,0.09605058196623116,1.8137934792301433,0.17081641459023145,0.20606060606060606,0.3399839401245117,16.0,
4,euclidean,55,0.09605058196623116,1.8137934792301433,0.17081641459023145,0.20606060606060606,0.48525118827819824,16.0,
4,euclidean,24,0.09605058196623116,1.8137934792301433,0.17081641459023145,0.20606060606060606,0.35767507553100586,16.0,
4,euclidean,67,0.09605058196623116,1.8137934792301433,0.17081641459023145,0.20606060606060606,0.38607215881347656,16.0,
4,euclidean,100,0.09605058196623116,1.8137934792301433,0.17081641459023145,0.20606060606060606,0.3796401023864746,16.0,
4,euclidean,79,0.09605058196623116,1.8137934792301433,0.17081641459023145,0.20606060606060606,0.3808560371398926,16.0,
4,euclidean,33,0.09605058196623116,1.8137934792301433,0.17081641459023145,0.20606060606060606,0.3402292728424072,16.0,
4,manhattan,55,0.06983213661663638,1.8752071368433967,0.16535767029821913,0.18181818181818182,0.31070590019226074,16.0,
4,manhattan,42,0.06983213661663638,1.8752071368433967,0.16535767029821913,0.18181818181818182,0.29726386070251465,16.0,
4,manhattan,12,0.06983213661663638,1.8752071368433967,0.16535767029821913,0.18181818181818182,0.33890461921691895,16.0,
4,manhattan,100,0.06983213661663638,1.8752071368433967,0.16535767029821913,0.18181818181818182,0.3501889705657959,16.0,
4,manhattan,36,0.06983213661663638,1.8752071368433967,0.16535767029821913,0.18181818181818182,0.2976818084716797,16.0,
4,manhattan,0,0.06983213661663638,1.8752071368433967,0.16535767029821913,0.18181818181818182,0.3263092041015625,16.0,
4,cosine,0,0.09662486290858041,1.7628927939656205,0.1711358260405829,0.19292929292929292,0.2352302074432373,12.0,
4,cosine,42,0.09662486290858041,1.7628927939656205,0.1711358260405829,0.19292929292929292,0.27883291244506836,12.0,
4,manhattan,67,0.06983213661663638,1.8752071368433967,0.16535767029821913,0.18181818181818182,0.38811397552490234,16.0,
4,manhattan,79,0.06983213661663638,1.8752071368433967,0.16535767029821913,0.18181818181818182,0.39052724838256836,16.0,
4,cosine,36,0.09662486290858041,1.7628927939656205,0.1711358260405829,0.19292929292929292,0.36432313919067383,12.0,
4,manhattan,24,0.06983213661663638,1.8752071368433967,0.16535767029821913,0.18181818181818182,0.4487578868865967,16.0,
4,cosine,100,0.09662486290858041,1.7628927939656205,0.1711358260405829,0.19292929292929292,0.3280818462371826,12.0,
4,manhattan,33,0.06983213661663638,1.8752071368433967,0.16535767029821913,0.18181818181818182,0.43209385871887207,16.0,
4,cosine,67,0.09662486290858041,1.7628927939656205,0.1711358260405829,0.19292929292929292,0.2495570182800293,12.0,
4,cosine,12,0.09662486290858041,1.7628927939656205,0.1711358260405829,0.19292929292929292,0.35321998596191406,12.0,
4,cosine,24,0.09662486290858041,1.7628927939656205,0.1711358260405829,0.19292929292929292,0.27686190605163574,12.0,
4,cosine,55,0.09662486290858041,1.7628927939656205,0.1711358260405829,0.19292929292929292,0.32254505157470703,12.0,
4,cosine,79,0.09662486290858041,1.7628927939656205,0.1711358260405829,0.19292929292929292,0.30744028091430664,12.0,
4,cosine,33,0.09662486290858041,1.7628927939656205,0.1711358260405829,0.19292929292929292,0.35425305366516113,12.0,
5,euclidean,36,0.09396664833950058,1.8280502800454623,0.157360267875434,0.2222222222222222,0.48395586013793945,22.0,
5,euclidean,0,0.09396664833950058,1.8280502800454623,0.157360267875434,0.2222222222222222,0.5442910194396973,22.0,
5,euclidean,42,0.09370543796510408,1.8622747360569156,0.1571977081616838,0.2202020202020202,0.5150620937347412,23.0,
5,euclidean,12,0.09396664833950058,1.8280502800454623,0.157360267875434,0.2222222222222222,0.5060780048370361,22.0,
5,euclidean,100,0.09396664833950058,1.8280502800454623,0.157360267875434,0.2222222222222222,0.4135451316833496,22.0,
5,euclidean,24,0.09396664833950058,1.8280502800454623,0.157360267875434,0.2222222222222222,0.426710844039917,22.0,
5,euclidean,67,0.09396664833950058,1.8280502800454623,0.157360267875434,0.2222222222222222,0.402188777923584,22.0,
5,manhattan,0,0.07133782672012164,2.0454448134874887,0.14582879564607812,0.19494949494949496,0.23320293426513672,16.0,
5,euclidean,33,0.09396664833950058,1.8280502800454623,0.157360267875434,0.2222222222222222,0.41220903396606445,22.0,
5,euclidean,55,0.09396664833950058,1.8280502800454623,0.157360267875434,0.2222222222222222,0.461353063583374,22.0,
5,manhattan,42,0.07133782672012164,2.0454448134874887,0.14582879564607812,0.19494949494949496,0.3041248321533203,16.0,
5,euclidean,79,0.09396664833950058,1.8280502800454623,0.157360267875434,0.2222222222222222,0.4022209644317627,22.0,
5,manhattan,12,0.07133782672012164,2.0454448134874887,0.14582879564607812,0.19494949494949496,0.4580528736114502,16.0,
5,manhattan,36,0.07133782672012164,2.0454448134874887,0.14582879564607812,0.19494949494949496,0.4833791255950928,16.0,
5,cosine,0,0.10140872655611538,1.8742706873091577,0.1527624516416979,0.22121212121212122,0.2892279624938965,17.0,
5,cosine,42,0.10140872655611538,1.8742706873091577,0.1527624516416979,0.22121212121212122,0.293698787689209,17.0,
5,manhattan,55,0.07133782672012164,2.0454448134874887,0.14582879564607812,0.19494949494949496,0.42893266677856445,16.0,
5,cosine,12,0.10140872655611538,1.8742706873091577,0.1527624516416979,0.22121212121212122,0.2791879177093506,17.0,
5,manhattan,100,0.07133782672012164,2.0454448134874887,0.14582879564607812,0.19494949494949496,0.3992311954498291,16.0,
5,manhattan,79,0.07133782672012164,2.0454448134874887,0.14582879564607812,0.19494949494949496,0.30713725090026855,16.0,
5,manhattan,24,0.07133782672012164,2.0454448134874887,0.14582879564607812,0.19494949494949496,0.320598840713501,16.0,
5,cosine,36,0.10140872655611538,1.8742706873091577,0.1527624516416979,0.22121212121212122,0.3064289093017578,17.0,
5,manhattan,67,0.07133782672012164,2.0454448134874887,0.14582879564607812,0.19494949494949496,0.34609413146972656,16.0,
5,manhattan,33,0.07133782672012164,2.0454448134874887,0.14582879564607812,0.19494949494949496,0.28859710693359375,16.0,
5,cosine,55,0.10140872655611538,1.8742706873091577,0.1527624516416979,0.22121212121212122,0.48934292793273926,17.0,
5,cosine,67,0.10140872655611538,1.8742706873091577,0.1527624516416979,0.22121212121212122,0.44164109230041504,17.0,
5,cosine,33,0.10189022913766362,1.8741291718304338,0.15284872590363338,0.22121212121212122,0.23465394973754883,13.0,
5,cosine,100,0.10140872655611538,1.8742706873091577,0.1527624516416979,0.22121212121212122,0.4420461654663086,17.0,
5,cosine,24,0.10140872655611538,1.8742706873091577,0.1527624516416979,0.22121212121212122,0.393413782119751,17.0,
5,cosine,79,0.10140872655611538,1.8742706873091577,0.1527624516416979,0.22121212121212122,0.32247400283813477,17.0,
6,euclidean,12,0.1708949129351715,1.9237400359996577,0.15144298900833678,0.2868686868686869,0.4335019588470459,18.0,
6,euclidean,42,0.1708949129351715,1.9237400359996577,0.15144298900833678,0.2868686868686869,0.4538760185241699,18.0,
6,euclidean,55,0.1708949129351715,1.9237400359996577,0.15144298900833678,0.2868686868686869,0.5088989734649658,18.0,
6,euclidean,36,0.1708949129351715,1.9237400359996577,0.15144298900833678,0.2868686868686869,0.4688241481781006,18.0,
6,euclidean,0,0.1708949129351715,1.9237400359996577,0.15144298900833678,0.2868686868686869,0.5123109817504883,18.0,
6,euclidean,100,0.1708949129351715,1.9237400359996577,0.15144298900833678,0.2868686868686869,0.5378758907318115,18.0,
6,euclidean,67,0.1708949129351715,1.9237400359996577,0.15144298900833678,0.2868686868686869,0.5960860252380371,18.0,
6,euclidean,24,0.1708949129351715,1.9237400359996577,0.15144298900833678,0.2868686868686869,0.5548369884490967,18.0,
6,euclidean,33,0.1708949129351715,1.9237400359996577,0.15144298900833678,0.2868686868686869,0.5054810047149658,18.0,
6,manhattan,0,0.08473689536725934,1.9388066326599418,0.14238657994733148,0.21818181818181817,0.37605881690979004,13.0,
6,euclidean,79,0.1708949129351715,1.9237400359996577,0.15144298900833678,0.2868686868686869,0.5339839458465576,18.0,
6,manhattan,36,0.08473689536725934,1.9388066326599418,0.14238657994733148,0.21818181818181817,0.3628501892089844,13.0,
6,manhattan,42,0.08473689536725934,1.9388066326599418,0.14238657994733148,0.21818181818181817,0.3714630603790283,13.0,
6,manhattan,55,0.08473689536725934,1.9388066326599418,0.14238657994733148,0.21818181818181817,0.3948700428009033,13.0,
6,manhattan,67,0.08473689536725934,1.9388066326599418,0.14238657994733148,0.21818181818181817,0.45517706871032715,13.0,
6,manhattan,12,0.08473689536725934,1.9388066326599418,0.14238657994733148,0.21818181818181817,0.3726048469543457,13.0,
6,manhattan,24,0.08473689536725934,1.9388066326599418,0.14238657994733148,0.21818181818181817,0.4096488952636719,13.0,
6,manhattan,100,0.08473689536725934,1.9388066326599418,0.14238657994733148,0.21818181818181817,0.3585190773010254,13.0,
6,cosine,100,0.11469068410946191,1.8533380898205694,0.13458842824785638,0.23939393939393938,0.22905397415161133,6.0,
6,manhattan,79,0.08473689536725934,1.9388066326599418,0.14238657994733148,0.21818181818181817,0.5612468719482422,13.0,
6,cosine,42,0.1380230582309614,1.902229356339646,0.14914109886244736,0.25757575757575757,0.5226020812988281,16.0,
6,cosine,0,0.1380230582309614,1.902229356339646,0.14914109886244736,0.25757575757575757,0.5041680335998535,16.0,
6,manhattan,33,0.08473689536725934,1.9388066326599418,0.14238657994733148,0.21818181818181817,0.551436185836792,13.0,
6,cosine,36,0.1380230582309614,1.902229356339646,0.14914109886244736,0.25757575757575757,0.5097169876098633,16.0,
6,cosine,12,0.1380230582309614,1.902229356339646,0.14914109886244736,0.25757575757575757,0.447706937789917,16.0,
6,cosine,55,0.1380230582309614,1.902229356339646,0.14914109886244736,0.25757575757575757,0.5839700698852539,16.0,
6,cosine,67,0.1380230582309614,1.902229356339646,0.14914109886244736,0.25757575757575757,0.5704429149627686,16.0,
6,cosine,33,0.1380230582309614,1.902229356339646,0.14914109886244736,0.25757575757575757,0.5001726150512695,16.0,
6,cosine,79,0.1380230582309614,1.902229356339646,0.14914109886244736,0.25757575757575757,0.528717041015625,16.0,
6,cosine,24,0.1380230582309614,1.902229356339646,0.14914109886244736,0.25757575757575757,0.5375070571899414,16.0,
7,euclidean,0,0.16397383259955262,1.8920311761015836,0.15264982710452746,0.2828282828282828,0.6097469329833984,15.0,
7,euclidean,42,0.16397383259955262,1.8920311761015836,0.15264982710452746,0.2828282828282828,0.6200487613677979,15.0,
7,euclidean,12,0.16397383259955262,1.8920311761015836,0.15264982710452746,0.2828282828282828,0.5265862941741943,15.0,
7,euclidean,36,0.16397383259955262,1.8920311761015836,0.15264982710452746,0.2828282828282828,0.5700631141662598,15.0,
7,euclidean,100,0.16397383259955262,1.8920311761015836,0.15264982710452746,0.2828282828282828,0.5319750308990479,15.0,
7,euclidean,55,0.16397383259955262,1.8920311761015836,0.15264982710452746,0.2828282828282828,0.5239710807800293,15.0,
7,euclidean,67,0.16397383259955262,1.8920311761015836,0.15264982710452746,0.2828282828282828,0.5286922454833984,15.0,
7,euclidean,24,0.16397383259955262,1.8920311761015836,0.15264982710452746,0.2828282828282828,0.6079800128936768,15.0,
7,euclidean,79,0.16397383259955262,1.8920311761015836,0.15264982710452746,0.2828282828282828,0.6361479759216309,15.0,
7,euclidean,33,0.16397383259955262,1.8920311761015836,0.15264982710452746,0.2828282828282828,0.5818698406219482,15.0,
7,manhattan,0,0.08739183824377678,1.972795438452895,0.1405375433836474,0.21515151515151515,0.6046669483184814,15.0,
7,manhattan,42,0.08739183824377678,1.972795438452895,0.1405375433836474,0.21515151515151515,0.5843501091003418,15.0,
7,manhattan,36,0.08739183824377678,1.972795438452895,0.1405375433836474,0.21515151515151515,0.6315901279449463,15.0,
7,manhattan,12,0.08739183824377678,1.972795438452895,0.1405375433836474,0.21515151515151515,0.6505930423736572,15.0,
7,manhattan,100,0.08739183824377678,1.972795438452895,0.1405375433836474,0.21515151515151515,0.7028210163116455,15.0,
7,manhattan,55,0.08739183824377678,1.972795438452895,0.1405375433836474,0.21515151515151515,0.7601699829101562,15.0,
7,manhattan,67,0.08739183824377678,1.972795438452895,0.1405375433836474,0.21515151515151515,0.7089951038360596,15.0,
7,manhattan,24,0.08739183824377678,1.972795438452895,0.1405375433836474,0.21515151515151515,0.736687183380127,15.0,
7,cosine,0,0.14309857017863367,1.7972445571461846,0.13884839237035154,0.2727272727272727,0.6175312995910645,14.0,
7,manhattan,33,0.08739183824377678,1.972795438452895,0.1405375433836474,0.21515151515151515,0.6726729869842529,15.0,
7,manhattan,79,0.08739183824377678,1.972795438452895,0.1405375433836474,0.21515151515151515,0.6907927989959717,15.0,
7,cosine,42,0.14309857017863367,1.7972445571461846,0.13884839237035154,0.2727272727272727,0.6233329772949219,14.0,
7,cosine,36,0.14309857017863367,1.7972445571461846,0.13884839237035154,0.2727272727272727,0.7206549644470215,14.0,
7,cosine,12,0.14309857017863367,1.7972445571461846,0.13884839237035154,0.2727272727272727,0.8294572830200195,14.0,
7,cosine,55,0.14309857017863367,1.7972445571461846,0.13884839237035154,0.2727272727272727,0.8035888671875,14.0,
7,cosine,100,0.14309857017863367,1.7972445571461846,0.13884839237035154,0.2727272727272727,0.7203960418701172,14.0,
7,cosine,24,0.14309857017863367,1.7972445571461846,0.13884839237035154,0.2727272727272727,0.637150764465332,14.0,
7,cosine,79,0.14309857017863367,1.7972445571461846,0.13884839237035154,0.2727272727272727,0.6412029266357422,14.0,
7,cosine,67,0.14309857017863367,1.7972445571461846,0.13884839237035154,0.2727272727272727,0.6392450332641602,14.0,
7,cosine,33,0.14309857017863367,1.7972445571461846,0.13884839237035154,0.2727272727272727,0.47453999519348145,14.0,
8,euclidean,12,0.17089249987840074,1.7913548083109396,0.15543366186840393,0.29393939393939394,0.6784276962280273,16.0,
8,euclidean,0,0.17089249987840074,1.7913548083109396,0.15543366186840393,0.29393939393939394,0.7093932628631592,16.0,
8,euclidean,36,0.17089249987840074,1.7913548083109396,0.15543366186840393,0.29393939393939394,0.6994616985321045,16.0,
8,euclidean,42,0.17089249987840074,1.7913548083109396,0.15543366186840393,0.29393939393939394,0.7350559234619141,16.0,
8,euclidean,55,0.17089249987840074,1.7913548083109396,0.15543366186840393,0.29393939393939394,0.6684620380401611,16.0,
8,euclidean,100,0.17089249987840074,1.7913548083109396,0.15543366186840393,0.29393939393939394,0.7330961227416992,16.0,
8,euclidean,67,0.17089249987840074,1.7913548083109396,0.15543366186840393,0.29393939393939394,0.7293670177459717,16.0,
8,euclidean,24,0.17089249987840074,1.7913548083109396,0.15543366186840393,0.29393939393939394,0.6622951030731201,16.0,
8,euclidean,79,0.17089249987840074,1.7913548083109396,0.15543366186840393,0.29393939393939394,0.640516996383667,16.0,
8,euclidean,33,0.17089249987840074,1.7913548083109396,0.15543366186840393,0.29393939393939394,0.6583049297332764,16.0,
8,manhattan,12,0.11809533217005123,1.7853539336400885,0.13690377152346694,0.2727272727272727,0.45197486877441406,12.0,
8,manhattan,0,0.09094816952917117,1.8956557976606307,0.1428901537152259,0.23030303030303031,0.8404109477996826,20.0,
8,manhattan,42,0.09094816952917117,1.8956557976606307,0.1428901537152259,0.23030303030303031,0.8435420989990234,20.0,
8,manhattan,55,0.09094816952917117,1.8956557976606307,0.1428901537152259,0.23030303030303031,0.8445158004760742,20.0,
8,manhattan,36,0.09094816952917117,1.8956557976606307,0.1428901537152259,0.23030303030303031,0.8588049411773682,20.0,
8,manhattan,67,0.09094816952917117,1.8956557976606307,0.1428901537152259,0.23030303030303031,0.8370010852813721,20.0,
8,cosine,0,0.15177129159762945,1.7403302860169205,0.14174903670599315,0.29393939393939394,0.6705973148345947,15.0,
8,manhattan,100,0.09094816952917117,1.8956557976606307,0.1428901537152259,0.23030303030303031,0.8624439239501953,20.0,
8,manhattan,24,0.09094816952917117,1.8956557976606307,0.1428901537152259,0.23030303030303031,0.91621994972229,20.0,
8,cosine,42,0.15177129159762945,1.7403302860169205,0.14174903670599315,0.29393939393939394,0.726240873336792,15.0,
8,cosine,36,0.15177129159762945,1.7403302860169205,0.14174903670599315,0.29393939393939394,0.7113018035888672,15.0,
8,manhattan,79,0.09094816952917117,1.8956557976606307,0.1428901537152259,0.23030303030303031,0.9640138149261475,20.0,
8,manhattan,33,0.09094816952917117,1.8956557976606307,0.1428901537152259,0.23030303030303031,0.9140810966491699,20.0,
8,cosine,12,0.15177129159762945,1.7403302860169205,0.14174903670599315,0.29393939393939394,0.7129631042480469,15.0,
8,cosine,55,0.15177129159762945,1.7403302860169205,0.14174903670599315,0.29393939393939394,0.6139521598815918,15.0,
8,cosine,67,0.15177129159762945,1.7403302860169205,0.14174903670599315,0.29393939393939394,0.6957950592041016,15.0,
8,cosine,24,0.15177129159762945,1.7403302860169205,0.14174903670599315,0.29393939393939394,0.6977987289428711,15.0,
8,cosine,100,0.15177129159762945,1.7403302860169205,0.14174903670599315,0.29393939393939394,0.7201101779937744,15.0,
8,cosine,79,0.15177129159762945,1.7403302860169205,0.14174903670599315,0.29393939393939394,0.6436691284179688,15.0,
8,cosine,33,0.15177129159762945,1.7403302860169205,0.14174903670599315,0.29393939393939394,0.6291038990020752,15.0,
9,euclidean,0,0.15378942265085635,1.7319164516823387,0.1605367571415088,0.29292929292929293,0.9424929618835449,25.0,
9,euclidean,42,0.15378942265085635,1.7319164516823387,0.1605367571415088,0.29292929292929293,0.9168171882629395,25.0,
9,euclidean,36,0.15378942265085635,1.7319164516823387,0.1605367571415088,0.29292929292929293,0.9149940013885498,25.0,
9,euclidean,67,0.15378942265085635,1.7319164516823387,0.1605367571415088,0.29292929292929293,0.7536928653717041,25.0,
9,euclidean,12,0.15378942265085635,1.7319164516823387,0.1605367571415088,0.29292929292929293,0.8386437892913818,25.0,
9,euclidean,100,0.15378942265085635,1.7319164516823387,0.1605367571415088,0.29292929292929293,0.7651951313018799,25.0,
9,euclidean,55,0.15378942265085635,1.7319164516823387,0.1605367571415088,0.29292929292929293,0.8139519691467285,25.0,
9,euclidean,24,0.15378942265085635,1.7319164516823387,0.1605367571415088,0.29292929292929293,0.8532249927520752,25.0,
9,manhattan,0,0.10716071317948331,1.874982959742507,0.13828966439646184,0.26464646464646463,0.7045481204986572,21.0,
9,manhattan,42,0.10716071317948331,1.874982959742507,0.13828966439646184,0.26464646464646463,0.7020258903503418,21.0,
9,euclidean,33,0.15378942265085635,1.7319164516823387,0.1605367571415088,0.29292929292929293,0.8251700401306152,25.0,
9,euclidean,79,0.15378942265085635,1.7319164516823387,0.1605367571415088,0.29292929292929293,0.8251352310180664,25.0,
9,manhattan,36,0.10716071317948331,1.874982959742507,0.13828966439646184,0.26464646464646463,0.8665339946746826,21.0,
9,manhattan,12,0.10716071317948331,1.874982959742507,0.13828966439646184,0.26464646464646463,0.8424129486083984,21.0,
9,manhattan,55,0.10716071317948331,1.874982959742507,0.13828966439646184,0.26464646464646463,0.7809169292449951,21.0,
9,manhattan,67,0.10716071317948331,1.874982959742507,0.13828966439646184,0.26464646464646463,0.6900010108947754,21.0,
9,cosine,0,0.15636066500478896,1.7532963556105026,0.15265297535194575,0.30404040404040406,0.5812809467315674,17.0,
9,manhattan,24,0.10716071317948331,1.874982959742507,0.13828966439646184,0.26464646464646463,0.7176129817962646,21.0,
9,manhattan,79,0.10716071317948331,1.874982959742507,0.13828966439646184,0.26464646464646463,0.7267038822174072,21.0,
9,manhattan,100,0.10716071317948331,1.874982959742507,0.13828966439646184,0.26464646464646463,0.7040150165557861,21.0,
9,cosine,36,0.15636066500478896,1.7532963556105026,0.15265297535194575,0.30404040404040406,0.5555849075317383,17.0,
9,cosine,12,0.15636066500478896,1.7532963556105026,0.15265297535194575,0.30404040404040406,0.5933549404144287,17.0,
9,manhattan,33,0.10716071317948331,1.874982959742507,0.13828966439646184,0.26464646464646463,0.7823011875152588,21.0,
9,cosine,42,0.1275870323255723,1.7479860826764273,0.15595959617874713,0.2898989898989899,0.8960871696472168,20.0,
9,cosine,55,0.15636066500478896,1.7532963556105026,0.15265297535194575,0.30404040404040406,0.9057140350341797,17.0,
9,cosine,100,0.15636066500478896,1.7532963556105026,0.15265297535194575,0.30404040404040406,0.8372900485992432,17.0,
9,cosine,67,0.15636066500478896,1.7532963556105026,0.15265297535194575,0.30404040404040406,0.7953839302062988,17.0,
9,cosine,24,0.15636066500478896,1.7532963556105026,0.15265297535194575,0.30404040404040406,0.7733540534973145,17.0,
9,cosine,33,0.15636066500478896,1.7532963556105026,0.15265297535194575,0.30404040404040406,0.7096302509307861,17.0,
9,cosine,79,0.15636066500478896,1.7532963556105026,0.15265297535194575,0.30404040404040406,0.6842348575592041,17.0,
10,euclidean,42,0.1604253103702505,1.723143981906827,0.1644540744481015,0.31313131313131315,0.767258882522583,17.0,
10,euclidean,0,0.1604253103702505,1.723143981906827,0.1644540744481015,0.31313131313131315,0.8030498027801514,17.0,
10,euclidean,36,0.1604253103702505,1.723143981906827,0.1644540744481015,0.31313131313131315,0.8513810634613037,17.0,
10,euclidean,12,0.1604253103702505,1.723143981906827,0.1644540744481015,0.31313131313131315,0.8255510330200195,17.0,
10,euclidean,55,0.1604253103702505,1.723143981906827,0.1644540744481015,0.31313131313131315,0.8706047534942627,17.0,
10,euclidean,100,0.1604253103702505,1.723143981906827,0.1644540744481015,0.31313131313131315,0.8605659008026123,17.0,
10,euclidean,67,0.1604253103702505,1.723143981906827,0.1644540744481015,0.31313131313131315,0.870236873626709,17.0,
10,euclidean,24,0.1604253103702505,1.723143981906827,0.1644540744481015,0.31313131313131315,0.9172649383544922,17.0,
10,euclidean,79,0.1604253103702505,1.723143981906827,0.1644540744481015,0.31313131313131315,0.874589204788208,17.0,
10,euclidean,33,0.1604253103702505,1.723143981906827,0.1644540744481015,0.31313131313131315,1.0418477058410645,17.0,
10,manhattan,0,0.13326703555150904,1.780370771659717,0.14411773019160998,0.29494949494949496,0.9922208786010742,16.0,
10,manhattan,42,0.13326703555150904,1.780370771659717,0.14411773019160998,0.29494949494949496,0.9580109119415283,16.0,
10,manhattan,36,0.13326703555150904,1.780370771659717,0.14411773019160998,0.29494949494949496,0.8809299468994141,16.0,
10,manhattan,12,0.13326703555150904,1.780370771659717,0.14411773019160998,0.29494949494949496,0.888481855392456,16.0,
10,manhattan,100,0.13326703555150904,1.780370771659717,0.14411773019160998,0.29494949494949496,0.8485708236694336,16.0,
10,manhattan,55,0.13326703555150904,1.780370771659717,0.14411773019160998,0.29494949494949496,0.8925139904022217,16.0,
10,manhattan,67,0.13326703555150904,1.780370771659717,0.14411773019160998,0.29494949494949496,0.9680490493774414,16.0,
10,manhattan,24,0.13326703555150904,1.780370771659717,0.14411773019160998,0.29494949494949496,1.0766730308532715,16.0,
10,cosine,0,0.14366203871557082,1.702264114640035,0.15829917708724858,0.3111111111111111,0.7624108791351318,14.0,
10,manhattan,79,0.13326703555150904,1.780370771659717,0.14411773019160998,0.29494949494949496,0.903083086013794,16.0,
10,manhattan,33,0.13326703555150904,1.780370771659717,0.14411773019160998,0.29494949494949496,0.852571964263916,16.0,
10,cosine,42,0.14366203871557082,1.702264114640035,0.15829917708724858,0.3111111111111111,0.7405412197113037,14.0,
10,cosine,12,0.14366203871557082,1.702264114640035,0.15829917708724858,0.3111111111111111,0.7372050285339355,14.0,
10,cosine,36,0.14366203871557082,1.702264114640035,0.15829917708724858,0.3111111111111111,0.730659008026123,14.0,
10,cosine,55,0.14366203871557082,1.702264114640035,0.15829917708724858,0.3111111111111111,0.7117171287536621,14.0,
10,cosine,100,0.14366203871557082,1.702264114640035,0.15829917708724858,0.3111111111111111,0.7180280685424805,14.0,
10,cosine,67,0.14366203871557082,1.702264114640035,0.15829917708724858,0.3111111111111111,0.7397058010101318,14.0,
10,cosine,24,0.14366203871557082,1.702264114640035,0.15829917708724858,0.3111111111111111,0.7470989227294922,14.0,
10,cosine,79,0.14366203871557082,1.702264114640035,0.15829917708724858,0.3111111111111111,0.766571044921875,14.0,
10,cosine,33,0.14366203871557082,1.702264114640035,0.15829917708724858,0.3111111111111111,0.7596650123596191,14.0,
11,euclidean,0,0.15549424031263717,1.7257478458826492,0.16637489803238278,0.3282828282828283,0.8556022644042969,15.0,
11,euclidean,42,0.15549424031263717,1.7257478458826492,0.16637489803238278,0.3282828282828283,0.7948441505432129,15.0,
11,euclidean,36,0.15549424031263717,1.7257478458826492,0.16637489803238278,0.3282828282828283,0.7762930393218994,15.0,
11,euclidean,12,0.15549424031263717,1.7257478458826492,0.16637489803238278,0.3282828282828283,0.7263772487640381,15.0,
11,euclidean,100,0.15549424031263717,1.7257478458826492,0.16637489803238278,0.3282828282828283,0.7101600170135498,15.0,
11,euclidean,55,0.15549424031263717,1.7257478458826492,0.16637489803238278,0.3282828282828283,0.7130031585693359,15.0,
11,euclidean,67,0.15549424031263717,1.7257478458826492,0.16637489803238278,0.3282828282828283,0.6859369277954102,15.0,
11,euclidean,79,0.15549424031263717,1.7257478458826492,0.16637489803238278,0.3282828282828283,0.6694002151489258,15.0,
11,euclidean,33,0.15549424031263717,1.7257478458826492,0.16637489803238278,0.3282828282828283,0.7010550498962402,15.0,
11,euclidean,24,0.15549424031263717,1.7257478458826492,0.16637489803238278,0.3282828282828283,0.692528247833252,15.0,
11,manhattan,0,0.13110470307156644,1.850536048354455,0.1414545147389576,0.296969696969697,0.8866629600524902,17.0,
11,manhattan,42,0.13110470307156644,1.850536048354455,0.1414545147389576,0.296969696969697,0.8623638153076172,17.0,
11,manhattan,36,0.13110470307156644,1.850536048354455,0.1414545147389576,0.296969696969697,0.8576281070709229,17.0,
11,manhattan,12,0.13110470307156644,1.850536048354455,0.1414545147389576,0.296969696969697,0.8305590152740479,17.0,
11,manhattan,55,0.13110470307156644,1.850536048354455,0.1414545147389576,0.296969696969697,0.8230462074279785,17.0,
11,cosine,42,0.14274113765866173,1.7685894110944047,0.15597787455534545,0.3151515151515151,0.479694128036499,12.0,
11,manhattan,100,0.13110470307156644,1.850536048354455,0.1414545147389576,0.296969696969697,0.8023357391357422,17.0,
11,manhattan,67,0.13110470307156644,1.850536048354455,0.1414545147389576,0.296969696969697,0.7651431560516357,17.0,
11,manhattan,24,0.13110470307156644,1.850536048354455,0.1414545147389576,0.296969696969697,0.8190762996673584,17.0,
11,cosine,0,0.14274113765866173,1.7685894110944047,0.15597787455534545,0.3151515151515151,0.49585676193237305,12.0,
11,manhattan,79,0.13110470307156644,1.850536048354455,0.1414545147389576,0.296969696969697,0.8288891315460205,17.0,
11,manhattan,33,0.13110470307156644,1.850536048354455,0.1414545147389576,0.296969696969697,0.8534390926361084,17.0,
11,cosine,36,0.14274113765866173,1.7685894110944047,0.15597787455534545,0.3151515151515151,0.7659468650817871,12.0,
11,cosine,12,0.14274113765866173,1.7685894110944047,0.15597787455534545,0.3151515151515151,0.882152795791626,12.0,
11,cosine,55,0.14274113765866173,1.7685894110944047,0.15597787455534545,0.3151515151515151,0.8938109874725342,12.0,
11,cosine,100,0.14274113765866173,1.7685894110944047,0.15597787455534545,0.3151515151515151,0.8463988304138184,12.0,
11,cosine,67,0.14274113765866173,1.7685894110944047,0.15597787455534545,0.3151515151515151,0.8283390998840332,12.0,
11,cosine,79,0.14274113765866173,1.7685894110944047,0.15597787455534545,0.3151515151515151,0.6937189102172852,12.0,
11,cosine,33,0.14274113765866173,1.7685894110944047,0.15597787455534545,0.3151515151515151,0.6687369346618652,12.0,
11,cosine,24,0.14274113765866173,1.7685894110944047,0.15597787455534545,0.3151515151515151,0.7502918243408203,12.0,
12,euclidean,42,0.1515996525224662,1.732769992172415,0.16730750782966272,0.3292929292929293,0.8014822006225586,16.0,
12,euclidean,0,0.1515996525224662,1.732769992172415,0.16730750782966272,0.3292929292929293,0.9163782596588135,16.0,
12,euclidean,12,0.1515996525224662,1.732769992172415,0.16730750782966272,0.3292929292929293,0.8381662368774414,16.0,
12,euclidean,55,0.1515996525224662,1.732769992172415,0.16730750782966272,0.3292929292929293,0.7827088832855225,16.0,
12,euclidean,36,0.1515996525224662,1.732769992172415,0.16730750782966272,0.3292929292929293,0.9261610507965088,16.0,
12,euclidean,100,0.1515996525224662,1.732769992172415,0.16730750782966272,0.3292929292929293,0.8129379749298096,16.0,
12,euclidean,67,0.1515996525224662,1.732769992172415,0.16730750782966272,0.3292929292929293,0.8978588581085205,16.0,
12,euclidean,24,0.1515996525224662,1.732769992172415,0.16730750782966272,0.3292929292929293,0.8217370510101318,16.0,
12,euclidean,79,0.1515996525224662,1.732769992172415,0.16730750782966272,0.3292929292929293,0.8171370029449463,16.0,
12,euclidean,33,0.1515996525224662,1.732769992172415,0.16730750782966272,0.3292929292929293,0.7867112159729004,16.0,
12,manhattan,0,0.11973412972946464,1.8781216717887046,0.14224771601491587,0.298989898989899,1.0301010608673096,17.0,
12,manhattan,42,0.1351211844981233,1.8456344859029619,0.14327716940071927,0.31212121212121213,1.1380343437194824,20.0,
12,manhattan,36,0.1351211844981233,1.8456344859029619,0.14327716940071927,0.31212121212121213,1.206446886062622,20.0,
12,manhattan,12,0.1351211844981233,1.8456344859029619,0.14327716940071927,0.31212121212121213,1.14707612991333,20.0,
12,manhattan,55,0.1351211844981233,1.8456344859029619,0.14327716940071927,0.31212121212121213,1.1134510040283203,20.0,
12,manhattan,67,0.1351211844981233,1.8456344859029619,0.14327716940071927,0.31212121212121213,1.083921194076538,20.0,
12,manhattan,100,0.1351211844981233,1.8456344859029619,0.14327716940071927,0.31212121212121213,1.1600818634033203,20.0,
12,manhattan,24,0.1351211844981233,1.8456344859029619,0.14327716940071927,0.31212121212121213,1.2318689823150635,20.0,
12,manhattan,79,0.1351211844981233,1.8456344859029619,0.14327716940071927,0.31212121212121213,1.3091111183166504,20.0,
12,cosine,0,0.14280171314904933,1.7456601517627055,0.1629869875862755,0.3292929292929293,1.0115470886230469,16.0,
12,cosine,42,0.14280171314904933,1.7456601517627055,0.1629869875862755,0.3292929292929293,1.0531337261199951,16.0,
12,manhattan,33,0.1351211844981233,1.8456344859029619,0.14327716940071927,0.31212121212121213,1.2625820636749268,20.0,
12,cosine,36,0.14280171314904933,1.7456601517627055,0.1629869875862755,0.3292929292929293,1.11136794090271,16.0,
12,cosine,12,0.14280171314904933,1.7456601517627055,0.1629869875862755,0.3292929292929293,1.1502299308776855,16.0,
12,cosine,67,0.14280171314904933,1.7456601517627055,0.1629869875862755,0.3292929292929293,0.9822530746459961,16.0,
12,cosine,55,0.14280171314904933,1.7456601517627055,0.1629869875862755,0.3292929292929293,1.0358850955963135,16.0,
12,cosine,100,0.14280171314904933,1.7456601517627055,0.1629869875862755,0.3292929292929293,0.9405310153961182,16.0,
12,cosine,24,0.14280171314904933,1.7456601517627055,0.1629869875862755,0.3292929292929293,0.8984520435333252,16.0,
12,cosine,79,0.14280171314904933,1.7456601517627055,0.1629869875862755,0.3292929292929293,0.8867990970611572,16.0,
12,cosine,33,0.14280171314904933,1.7456601517627055,0.1629869875862755,0.3292929292929293,0.9422900676727295,16.0,
13,euclidean,0,0.15357038119881877,1.710199922270713,0.16218331548309287,0.3424242424242424,1.2510218620300293,26.0,
13,euclidean,42,0.15357038119881877,1.710199922270713,0.16218331548309287,0.3424242424242424,1.2678799629211426,26.0,
13,euclidean,36,0.15357038119881877,1.710199922270713,0.16218331548309287,0.3424242424242424,1.2214531898498535,26.0,
13,euclidean,12,0.15357038119881877,1.710199922270713,0.16218331548309287,0.3424242424242424,1.174530029296875,26.0,
13,euclidean,55,0.15357038119881877,1.710199922270713,0.16218331548309287,0.3424242424242424,1.2194721698760986,26.0,
13,euclidean,100,0.15357038119881877,1.710199922270713,0.16218331548309287,0.3424242424242424,1.3356819152832031,26.0,
13,euclidean,24,0.15357038119881877,1.710199922270713,0.16218331548309287,0.3424242424242424,1.2546372413635254,26.0,
13,euclidean,33,0.15357038119881877,1.710199922270713,0.16218331548309287,0.3424242424242424,1.214292049407959,26.0,
13,euclidean,67,0.15357038119881877,1.710199922270713,0.16218331548309287,0.3424242424242424,1.25042724609375,26.0,
13,euclidean,79,0.15357038119881877,1.710199922270713,0.16218331548309287,0.3424242424242424,1.3075058460235596,26.0,
13,manhattan,0,0.10736078599051539,1.8419311984489595,0.15685252412700734,0.302020202020202,1.5188748836517334,32.0,
13,manhattan,42,0.10736078599051539,1.8419311984489595,0.15685252412700734,0.302020202020202,1.529360055923462,32.0,
13,manhattan,36,0.10736078599051539,1.8419311984489595,0.15685252412700734,0.302020202020202,1.680544137954712,32.0,
13,manhattan,12,0.10736078599051539,1.8419311984489595,0.15685252412700734,0.302020202020202,1.6213719844818115,32.0,
13,manhattan,100,0.10736078599051539,1.8419311984489595,0.15685252412700734,0.302020202020202,1.5745301246643066,32.0,
13,manhattan,67,0.10736078599051539,1.8419311984489595,0.15685252412700734,0.302020202020202,1.5020227432250977,32.0,
13,manhattan,55,0.10736078599051539,1.8419311984489595,0.15685252412700734,0.302020202020202,1.6308650970458984,32.0,
13,cosine,0,0.1299189892432737,1.7262579416793653,0.1662639552305201,0.33131313131313134,1.119744062423706,26.0,
13,cosine,42,0.1299189892432737,1.7262579416793653,0.1662639552305201,0.33131313131313134,1.1306192874908447,26.0,
13,manhattan,24,0.10736078599051539,1.8419311984489595,0.15685252412700734,0.302020202020202,1.5627861022949219,32.0,
13,manhattan,79,0.10736078599051539,1.8419311984489595,0.15685252412700734,0.302020202020202,1.7180180549621582,32.0,
13,manhattan,33,0.10736078599051539,1.8419311984489595,0.15685252412700734,0.302020202020202,1.6587769985198975,32.0,
13,cosine,36,0.1299189892432737,1.7262579416793653,0.1662639552305201,0.33131313131313134,1.4110100269317627,26.0,
13,cosine,12,0.1299189892432737,1.7262579416793653,0.1662639552305201,0.33131313131313134,1.4284570217132568,26.0,
14,euclidean,0,0.15604193011907289,1.753273241726673,0.1698912758040648,0.35858585858585856,0.9238848686218262,17.0,
14,euclidean,42,0.15604193011907289,1.753273241726673,0.1698912758040648,0.35858585858585856,0.8102591037750244,17.0,
13,cosine,100,0.1299189892432737,1.7262579416793653,0.1662639552305201,0.33131313131313134,1.3505771160125732,26.0,
13,cosine,55,0.1299189892432737,1.7262579416793653,0.1662639552305201,0.33131313131313134,1.4006881713867188,26.0,
13,cosine,67,0.1299189892432737,1.7262579416793653,0.1662639552305201,0.33131313131313134,1.3696799278259277,26.0,
13,cosine,24,0.1299189892432737,1.7262579416793653,0.1662639552305201,0.33131313131313134,1.3267769813537598,26.0,
14,euclidean,36,0.15604193011907289,1.753273241726673,0.1698912758040648,0.35858585858585856,0.9529008865356445,17.0,
13,cosine,79,0.1299189892432737,1.7262579416793653,0.1662639552305201,0.33131313131313134,1.3717319965362549,26.0,
13,cosine,33,0.1299189892432737,1.7262579416793653,0.1662639552305201,0.33131313131313134,1.474135160446167,26.0,
14,euclidean,12,0.15604193011907289,1.753273241726673,0.1698912758040648,0.35858585858585856,1.0473699569702148,17.0,
14,euclidean,55,0.15604193011907289,1.753273241726673,0.1698912758040648,0.35858585858585856,1.0417122840881348,17.0,
14,euclidean,100,0.15604193011907289,1.753273241726673,0.1698912758040648,0.35858585858585856,1.0340478420257568,17.0,
14,euclidean,67,0.15604193011907289,1.753273241726673,0.1698912758040648,0.35858585858585856,0.907073974609375,17.0,
14,euclidean,24,0.15604193011907289,1.753273241726673,0.1698912758040648,0.35858585858585856,0.903109073638916,17.0,
14,euclidean,33,0.15604193011907289,1.753273241726673,0.1698912758040648,0.35858585858585856,0.7434399127960205,17.0,
14,euclidean,79,0.15604193011907289,1.753273241726673,0.1698912758040648,0.35858585858585856,0.8251807689666748,17.0,
14,manhattan,0,0.12121949402336638,1.772041599857659,0.15448283991805917,0.3090909090909091,0.7233150005340576,17.0,
14,manhattan,42,0.12121949402336638,1.772041599857659,0.15448283991805917,0.3090909090909091,0.7101020812988281,17.0,
14,manhattan,12,0.12121949402336638,1.772041599857659,0.15448283991805917,0.3090909090909091,0.648453950881958,17.0,
14,manhattan,36,0.12121949402336638,1.772041599857659,0.15448283991805917,0.3090909090909091,0.7693221569061279,17.0,
14,manhattan,100,0.12121949402336638,1.772041599857659,0.15448283991805917,0.3090909090909091,0.7668581008911133,17.0,
14,manhattan,67,0.12121949402336638,1.772041599857659,0.15448283991805917,0.3090909090909091,0.7633740901947021,17.0,
14,manhattan,55,0.12121949402336638,1.772041599857659,0.15448283991805917,0.3090909090909091,0.761314868927002,17.0,
14,manhattan,24,0.12121949402336638,1.772041599857659,0.15448283991805917,0.3090909090909091,0.8467960357666016,17.0,
14,cosine,36,0.12943589800501487,1.7424847625745603,0.16803945839813675,0.33131313131313134,0.8829360008239746,13.0,
14,cosine,0,0.12943589800501487,1.7424847625745603,0.16803945839813675,0.33131313131313134,0.9085540771484375,13.0,
14,cosine,42,0.12943589800501487,1.7424847625745603,0.16803945839813675,0.33131313131313134,0.8772001266479492,13.0,
14,cosine,55,0.12943589800501487,1.7424847625745603,0.16803945839813675,0.33131313131313134,0.8335459232330322,13.0,
14,cosine,12,0.12943589800501487,1.7424847625745603,0.16803945839813675,0.33131313131313134,0.9235289096832275,13.0,
14,manhattan,33,0.12121949402336638,1.772041599857659,0.15448283991805917,0.3090909090909091,1.293962001800537,17.0,
14,manhattan,79,0.12121949402336638,1.772041599857659,0.15448283991805917,0.3090909090909091,1.2920680046081543,17.0,
14,cosine,100,0.12943589800501487,1.7424847625745603,0.16803945839813675,0.33131313131313134,0.9233789443969727,13.0,
14,cosine,67,0.12943589800501487,1.7424847625745603,0.16803945839813675,0.33131313131313134,0.7201521396636963,13.0,
14,cosine,79,0.12943589800501487,1.7424847625745603,0.16803945839813675,0.33131313131313134,0.7701559066772461,13.0,
14,cosine,24,0.12943589800501487,1.7424847625745603,0.16803945839813675,0.33131313131313134,0.7700307369232178,13.0,
14,cosine,33,0.12943589800501487,1.7424847625745603,0.16803945839813675,0.33131313131313134,0.9225280284881592,13.0,
15,euclidean,67,0.15021392196214742,1.6338742561478283,0.1727202042285399,0.3505050505050505,0.6741058826446533,17.0,
15,euclidean,0,0.14233921194764568,1.737633495002546,0.16331138919446492,0.3505050505050505,1.1481010913848877,21.0,
15,euclidean,36,0.14233921194764568,1.737633495002546,0.16331138919446492,0.3505050505050505,1.130345106124878,21.0,
15,euclidean,42,0.14233921194764568,1.737633495002546,0.16331138919446492,0.3505050505050505,1.1277449131011963,21.0,
15,euclidean,55,0.14233921194764568,1.737633495002546,0.16331138919446492,0.3505050505050505,0.951287031173706,21.0,
15,euclidean,12,0.14233921194764568,1.737633495002546,0.16331138919446492,0.3505050505050505,1.014091968536377,21.0,
15,euclidean,100,0.14233921194764568,1.737633495002546,0.16331138919446492,0.3505050505050505,1.0412769317626953,21.0,
15,euclidean,24,0.14233921194764568,1.737633495002546,0.16331138919446492,0.3505050505050505,1.0201096534729004,21.0,
15,euclidean,79,0.14233921194764568,1.737633495002546,0.16331138919446492,0.3505050505050505,1.0332770347595215,21.0,
15,euclidean,33,0.14233921194764568,1.737633495002546,0.16331138919446492,0.3505050505050505,0.9884920120239258,21.0,
15,manhattan,0,0.1319603706541907,1.646861404921267,0.16519049223113202,0.3212121212121212,1.138934850692749,22.0,
15,manhattan,42,0.1319603706541907,1.646861404921267,0.16519049223113202,0.3212121212121212,1.235518217086792,22.0,
15,cosine,0,0.14294780391212158,1.6769039293421957,0.16518950261374624,0.35454545454545455,0.7897131443023682,10.0,
15,cosine,42,0.14294780391212158,1.6769039293421957,0.16518950261374624,0.35454545454545455,0.6914577484130859,10.0,
15,cosine,36,0.14294780391212158,1.6769039293421957,0.16518950261374624,0.35454545454545455,0.7841701507568359,10.0,
15,cosine,12,0.14294780391212158,1.6769039293421957,0.16518950261374624,0.35454545454545455,0.8748137950897217,10.0,
15,manhattan,36,0.1319603706541907,1.646861404921267,0.16519049223113202,0.3212121212121212,1.7184617519378662,22.0,
15,manhattan,79,0.11176147698497019,1.7597883831575851,0.15235782951368002,0.30707070707070705,1.3456230163574219,19.0,
15,manhattan,12,0.1319603706541907,1.646861404921267,0.16519049223113202,0.3212121212121212,1.6697680950164795,22.0,
15,manhattan,55,0.1319603706541907,1.646861404921267,0.16519049223113202,0.3212121212121212,1.6390390396118164,22.0,
15,manhattan,33,0.1319603706541907,1.646861404921267,0.16519049223113202,0.3212121212121212,1.3421440124511719,22.0,
15,manhattan,67,0.1319603706541907,1.646861404921267,0.16519049223113202,0.3212121212121212,1.7132070064544678,22.0,
15,manhattan,100,0.1319603706541907,1.646861404921267,0.16519049223113202,0.3212121212121212,1.806792974472046,22.0,
15,manhattan,24,0.1319603706541907,1.646861404921267,0.16519049223113202,0.3212121212121212,1.701880931854248,22.0,
15,cosine,100,0.14294780391212158,1.6769039293421957,0.16518950261374624,0.35454545454545455,0.6739521026611328,10.0,
15,cosine,55,0.14294780391212158,1.6769039293421957,0.16518950261374624,0.35454545454545455,0.6855661869049072,10.0,
15,cosine,67,0.14294780391212158,1.6769039293421957,0.16518950261374624,0.35454545454545455,0.6265769004821777,10.0,
15,cosine,24,0.14294780391212158,1.6769039293421957,0.16518950261374624,0.35454545454545455,0.4656660556793213,10.0,
15,cosine,79,0.14294780391212158,1.6769039293421957,0.16518950261374624,0.35454545454545455,0.45321011543273926,10.0,
15,cosine,33,0.14294780391212158,1.6769039293421957,0.16518950261374624,0.35454545454545455,0.3256211280822754,10.0,
