Dataset,Metric,Algorithm,Min Samples,Silhouette,ARI,DBI,Purity,Num Clusters,Time (s)
satimage,chebyshev,ball_tree,2,0.1811095629593616,0.0200292234262726,1.086352845884274,0.4438228438228438,631,37.44447875022888
satimage,chebyshev,ball_tree,3,0.1412809835563361,0.0196697359662143,1.1722108401793143,0.3667443667443667,158,37.46147418022156
satimage,chebyshev,ball_tree,4,0.2150850730538787,0.0152574453973139,1.2517375263493165,0.3247863247863248,71,40.33953070640564
satimage,chebyshev,ball_tree,5,0.233187594379906,0.0137012471382506,1.130668854909123,0.3236985236985237,46,40.4305305480957
satimage,chebyshev,ball_tree,6,0.3098159144225111,0.0034888974599289,1.1099787870183275,0.3407925407925408,29,37.97656846046448
satimage,chebyshev,ball_tree,7,0.2798911987505439,0.0019736378589322,1.4469112844560157,0.3532245532245532,24,38.00009322166443
satimage,chebyshev,ball_tree,8,0.382640877648133,-0.0015307535453118,1.2984617866124637,0.3351981351981352,18,41.84434771537781
satimage,chebyshev,ball_tree,9,0.4354288658165223,-0.0007539808760209,1.4337616991764135,0.3296037296037296,15,41.89082384109497
satimage,chebyshev,ball_tree,10,0.6001807813060291,0.0039144731824686,0.823615592771608,0.3491841491841492,11,38.28182530403137
satimage,chebyshev,ball_tree,11,0.5813046032603884,0.012422046549222,0.68268088182939,0.3872571872571873,9,38.28682827949524
satimage,chebyshev,ball_tree,12,0.6072072545557335,0.0066657726839293,0.8408729004878479,0.3600621600621601,10,38.75931525230408
satimage,chebyshev,ball_tree,13,0.6034767253563017,0.0115246898998371,0.8212002512202211,0.365034965034965,10,38.54731726646423
satimage,chebyshev,ball_tree,14,0.625232590314574,0.0067524051065414,0.883271625198414,0.3524475524475524,8,38.80782985687256
satimage,chebyshev,ball_tree,15,0.6925061789671421,0.0025036228363575,0.7992879244270885,0.3392385392385392,7,38.75743865966797
satimage,chebyshev,brute,2,0.1811095629593616,0.0200292234262726,1.086352845884274,0.4438228438228438,631,436.3159244060517
satimage,chebyshev,brute,3,0.1412809835563361,0.0196697359662143,1.1722108401793143,0.3667443667443667,158,435.6989269256592
satimage,chebyshev,brute,4,0.2150850730538787,0.0152574453973139,1.2517375263493165,0.3247863247863248,71,435.2179276943207
satimage,chebyshev,brute,5,0.233187594379906,0.0137012471382506,1.130668854909123,0.3236985236985237,46,435.7819266319275
satimage,chebyshev,brute,6,0.3098159144225111,0.0034888974599289,1.1099787870183275,0.3407925407925408,29,434.8709275722504
satimage,chebyshev,brute,7,0.2798911987505439,0.0019736378589322,1.4469112844560157,0.3532245532245532,24,434.4389266967773
satimage,chebyshev,brute,8,0.382640877648133,-0.0015307535453118,1.2984617866124637,0.3351981351981352,18,435.0421600341797
satimage,chebyshev,brute,9,0.4354288658165223,-0.0007539808760209,1.4337616991764135,0.3296037296037296,15,435.1631577014923
satimage,chebyshev,brute,10,0.6001807813060291,0.0039144731824686,0.823615592771608,0.3491841491841492,11,434.6361591815949
satimage,chebyshev,brute,11,0.5813046032603884,0.012422046549222,0.68268088182939,0.3872571872571873,9,440.03163051605225
satimage,chebyshev,brute,12,0.6072072545557335,0.0066657726839293,0.8408729004878479,0.3600621600621601,10,439.75463032722473
satimage,chebyshev,brute,13,0.6034767253563017,0.0115246898998371,0.8212002512202211,0.365034965034965,10,445.8583869934082
satimage,chebyshev,brute,14,0.625232590314574,0.0067524051065414,0.883271625198414,0.3524475524475524,8,297.12177872657776
satimage,chebyshev,brute,15,0.6925061789671421,0.0025036228363575,0.7992879244270885,0.3392385392385392,7,453.4474573135376
satimage,chebyshev,kd_tree,2,0.1811095629593616,0.0200292234262726,1.086352845884274,0.4438228438228438,631,32.49577116966248
satimage,chebyshev,kd_tree,3,0.1412809835563361,0.0196697359662143,1.1722108401793143,0.3667443667443667,158,36.17208433151245
satimage,chebyshev,kd_tree,4,0.2150850730538787,0.0152574453973139,1.2517375263493165,0.3247863247863248,71,36.39417505264282
satimage,chebyshev,kd_tree,5,0.233187594379906,0.0137012471382506,1.130668854909123,0.3236985236985237,46,34.41122555732727
satimage,chebyshev,kd_tree,6,0.3098159144225111,0.0034888974599289,1.1099787870183275,0.3407925407925408,29,33.17940735816956
satimage,chebyshev,kd_tree,7,0.2798911987505439,0.0019736378589322,1.4469112844560157,0.3532245532245532,24,33.65417146682739
satimage,chebyshev,kd_tree,8,0.382640877648133,-0.0015307535453118,1.2984617866124637,0.3351981351981352,18,33.288167238235474
satimage,chebyshev,kd_tree,9,0.4354288658165223,-0.0007539808760209,1.4337616991764135,0.3296037296037296,15,42.31782698631287
satimage,chebyshev,kd_tree,10,0.6001807813060291,0.0039144731824686,0.823615592771608,0.3491841491841492,11,48.10293960571289
satimage,chebyshev,kd_tree,11,0.5813046032603884,0.012422046549222,0.68268088182939,0.3872571872571873,9,45.953935384750366
satimage,chebyshev,kd_tree,12,0.6072072545557335,0.0066657726839293,0.8408729004878479,0.3600621600621601,10,45.168941020965576
satimage,chebyshev,kd_tree,13,0.6034767253563017,0.0115246898998371,0.8212002512202211,0.365034965034965,10,28.837223768234253
satimage,chebyshev,kd_tree,14,0.625232590314574,0.0067524051065414,0.883271625198414,0.3524475524475524,8,27.84717082977295
satimage,chebyshev,kd_tree,15,0.6925061789671421,0.0025036228363575,0.7992879244270885,0.3392385392385392,7,36.72425723075867
satimage,euclidean,ball_tree,2,0.2478230918957216,0.0220787694298788,0.928775809003921,0.436052836052836,648,47.26232099533081
satimage,euclidean,ball_tree,3,0.3485620725701579,0.011397835524183,0.9024513984765008,0.3022533022533022,133,47.32831859588623
satimage,euclidean,ball_tree,4,0.3998106910014583,0.0099322586468577,0.8005550854431158,0.2766122766122766,50,47.22231888771057
satimage,euclidean,ball_tree,5,0.4097248349102302,0.0065877487968219,0.7941484398641613,0.2646464646464646,28,47.39032196998596
satimage,euclidean,ball_tree,6,0.5395649120861864,0.0032562040785552,0.5627113719433312,0.2515928515928516,10,47.10731863975525
satimage,euclidean,ball_tree,7,0.5731033441013758,-0.00056782950951,0.5757128672567186,0.2404040404040404,2,47.31932067871094
satimage,euclidean,ball_tree,8,0.7355593190253477,0.0034039154167367,0.3853747295498722,0.2494172494172494,5,47.222317934036255
satimage,euclidean,ball_tree,9,0.7223354512606573,0.0010750473327077,0.4251856902343088,0.2424242424242424,2,47.21131682395935
satimage,euclidean,ball_tree,10,,0.0011666199962851,,0.2411810411810412,1,47.12331676483154
satimage,euclidean,ball_tree,11,0.6593363487570177,0.0018782235809583,0.5115824992022403,0.2428904428904429,2,47.23931646347046
satimage,euclidean,ball_tree,12,,0.0010364002101006,,0.2408702408702408,1,47.53831338882446
satimage,euclidean,ball_tree,13,,0.0011449854548113,,0.241025641025641,1,47.44831490516663
satimage,euclidean,ball_tree,14,,0.0,,0.2382284382284382,1,47.47432041168213
satimage,euclidean,ball_tree,15,,0.0,,0.2382284382284382,1,47.40131521224976
satimage,euclidean,brute,2,0.2478230918957216,0.0220787694298788,0.928775809003921,0.436052836052836,648,396.83891701698303
satimage,euclidean,brute,3,0.3471424064153694,0.0115221254942537,0.9067684755656436,0.3034965034965035,134,398.0059177875519
satimage,euclidean,brute,4,0.411460162124005,0.0095820713316014,0.7741929719180471,0.2758352758352758,49,394.7483274936676
satimage,euclidean,brute,5,0.4097248349102302,0.0065877487968219,0.7941484398641613,0.2646464646464646,28,397.3659160137177
satimage,euclidean,brute,6,0.5290113800760805,0.0027720974768925,0.5807425383307092,0.2505050505050505,9,366.60569643974304
satimage,euclidean,brute,7,0.5731033441013758,-0.00056782950951,0.5757128672567186,0.2404040404040404,2,367.1786961555481
satimage,euclidean,brute,8,0.7802820873456323,0.002879797856874,0.3257375494908184,0.2484848484848484,4,363.77617478370667
satimage,euclidean,brute,9,0.7223354512606573,0.0010750473327077,0.4251856902343088,0.2424242424242424,2,366.8736960887909
satimage,euclidean,brute,10,,0.0011666199962851,,0.2411810411810412,1,366.7616958618164
satimage,euclidean,brute,11,0.6593363487570177,0.0018782235809583,0.5115824992022403,0.2428904428904429,2,368.25929141044617
satimage,euclidean,brute,12,,0.0010364002101006,,0.2408702408702408,1,367.9772908687592
satimage,euclidean,brute,13,,0.0011449854548113,,0.241025641025641,1,367.1806991100311
satimage,euclidean,brute,14,,0.0,,0.2382284382284382,1,367.0336937904358
satimage,euclidean,brute,15,,0.0,,0.2382284382284382,1,365.64669394493103
satimage,euclidean,kd_tree,2,0.2478230918957216,0.0220787694298788,0.928775809003921,0.436052836052836,648,46.56831288337708
satimage,euclidean,kd_tree,3,0.3485620725701579,0.011397835524183,0.9024513984765008,0.3022533022533022,133,46.89031267166138
satimage,euclidean,kd_tree,4,0.3998106910014583,0.0099322586468577,0.8005550854431158,0.2766122766122766,50,74.44678902626038
satimage,euclidean,kd_tree,5,0.4097248349102302,0.0065877487968219,0.7941484398641613,0.2646464646464646,28,74.62578964233398
satimage,euclidean,kd_tree,6,0.5395649120861864,0.0032562040785552,0.5627113719433312,0.2515928515928516,10,75.21879267692566
satimage,euclidean,kd_tree,7,0.5731033441013758,-0.00056782950951,0.5757128672567186,0.2404040404040404,2,75.06678891181946
satimage,euclidean,kd_tree,8,0.7355593190253477,0.0034039154167367,0.3853747295498722,0.2494172494172494,5,73.79178929328918
satimage,euclidean,kd_tree,9,0.7223354512606573,0.0010750473327077,0.4251856902343088,0.2424242424242424,2,74.87678956985474
satimage,euclidean,kd_tree,10,,0.0011666199962851,,0.2411810411810412,1,74.1047887802124
satimage,euclidean,kd_tree,11,0.6593363487570177,0.0018782235809583,0.5115824992022403,0.2428904428904429,2,75.3367919921875
satimage,euclidean,kd_tree,12,,0.0010364002101006,,0.2408702408702408,1,75.29578709602356
satimage,euclidean,kd_tree,13,,0.0011449854548113,,0.241025641025641,1,74.76279187202454
satimage,euclidean,kd_tree,14,,0.0,,0.2382284382284382,1,74.83978486061096
satimage,euclidean,kd_tree,15,,0.0,,0.2382284382284382,1,74.63379096984863
satimage,l1,ball_tree,2,0.1626625488762045,0.0198926539679737,1.1588072025776854,0.5064491064491065,851,38.53453230857849
satimage,l1,ball_tree,3,0.1982638644197261,0.0130325098901698,1.308787563103698,0.367987567987568,265,37.29144263267517
satimage,l1,ball_tree,4,0.2866395728876869,0.0057012611806944,1.199180827178364,0.2988344988344988,86,43.373358488082886
satimage,l1,ball_tree,5,0.3484231323058422,0.0032622474208215,1.053566875650879,0.2758352758352758,50,39.16607022285461
satimage,l1,ball_tree,6,0.3762782335660753,0.0040069424881843,1.0747871430851028,0.261072261072261,21,45.06290793418884
satimage,l1,ball_tree,7,0.4213934601575367,0.0004706701167078,1.0762182271858478,0.2531468531468531,13,37.78053402900696
satimage,l1,ball_tree,8,0.7771666424354545,-0.0006292020350301,0.3288076377077744,0.2436674436674436,5,41.647189140319824
satimage,l1,ball_tree,9,0.6225766841558579,-0.0008250349225994,0.5510889823003493,0.2382284382284382,2,36.007386207580566
satimage,l1,ball_tree,10,,-0.0003646331814918,,0.2382284382284382,1,37.674535274505615
satimage,l1,ball_tree,11,,0.0,,0.2382284382284382,1,41.14820289611816
satimage,l1,ball_tree,12,,0.0,,0.2382284382284382,1,39.18706488609314
satimage,l1,ball_tree,13,,0.0,,0.2382284382284382,1,36.97052693367005
satimage,l1,ball_tree,14,,0.0,,0.2382284382284382,1,37.38752818107605
satimage,l1,ball_tree,15,,0.0,,0.2382284382284382,1,40.15213656425476
satimage,l1,brute,2,0.1626625488762045,0.0198926539679737,1.1588072025776854,0.5064491064491065,851,306.11470341682434
satimage,l1,brute,3,0.1982638644197261,0.0130325098901698,1.308787563103698,0.367987567987568,265,305.54967761039734
satimage,l1,brute,4,0.2866395728876869,0.0057012611806944,1.199180827178364,0.2988344988344988,86,303.840126991272
satimage,l1,brute,5,0.3484231323058422,0.0032622474208215,1.053566875650879,0.2758352758352758,50,301.9748635292053
satimage,l1,brute,6,0.3762782335660753,0.0040069424881843,1.0747871430851028,0.261072261072261,21,310.3891215324402
satimage,l1,brute,7,0.4213934601575367,0.0004706701167078,1.0762182271858478,0.2531468531468531,13,309.41459822654724
satimage,l1,brute,8,0.7771666424354545,-0.0006292020350301,0.3288076377077744,0.2436674436674436,5,308.49601221084595
satimage,l1,brute,9,0.6225766841558579,-0.0008250349225994,0.5510889823003493,0.2382284382284382,2,309.62912249565125
satimage,l1,brute,10,,-0.0003646331814918,,0.2382284382284382,1,309.9872214794159
satimage,l1,brute,11,,0.0,,0.2382284382284382,1,310.90284729003906
satimage,l1,brute,12,,0.0,,0.2382284382284382,1,313.2065923213959
satimage,l1,brute,13,,0.0,,0.2382284382284382,1,313.4866280555725
satimage,l1,brute,14,,0.0,,0.2382284382284382,1,311.8086261749268
satimage,l1,brute,15,,0.0,,0.2382284382284382,1,311.32562589645386
satimage,l1,kd_tree,2,0.1626625488762045,0.0198926539679737,1.1588072025776854,0.5064491064491065,851,45.57090926170349
satimage,l1,kd_tree,3,0.1982638644197261,0.0130325098901698,1.308787563103698,0.367987567987568,265,38.44108200073242
satimage,l1,kd_tree,4,0.2866395728876869,0.0057012611806944,1.199180827178364,0.2988344988344988,86,28.414464712142944
satimage,l1,kd_tree,5,0.3484231323058422,0.0032622474208215,1.053566875650879,0.2758352758352758,50,31.074722051620483
satimage,l1,kd_tree,6,0.3762782335660753,0.0040069424881843,1.0747871430851028,0.261072261072261,21,31.60922169685364
satimage,l1,kd_tree,7,0.4213934601575367,0.0004706701167078,1.0762182271858478,0.2531468531468531,13,29.590502500534058
satimage,l1,kd_tree,8,0.7771666424354545,-0.0006292020350301,0.3288076377077744,0.2436674436674436,5,32.46721887588501
satimage,l1,kd_tree,9,0.6225766841558579,-0.0008250349225994,0.5510889823003493,0.2382284382284382,2,36.667510747909546
satimage,l1,kd_tree,10,,-0.0003646331814918,,0.2382284382284382,1,34.86598014831543
satimage,l1,kd_tree,11,,0.0,,0.2382284382284382,1,28.9754855632782
satimage,l1,kd_tree,12,,0.0,,0.2382284382284382,1,34.85397839546204
satimage,l1,kd_tree,13,,0.0,,0.2382284382284382,1,37.56097197532654
satimage,l1,kd_tree,14,,0.0,,0.2382284382284382,1,29.46260929107666
satimage,l1,kd_tree,15,,0.0,,0.2382284382284382,1,30.68385505676269
satimage,manhattan,ball_tree,2,0.1626625488762045,0.0198926539679737,1.1588072025776854,0.5064491064491065,851,32.66371011734009
satimage,manhattan,ball_tree,3,0.1982638644197261,0.0130325098901698,1.308787563103698,0.367987567987568,265,32.42670774459839
satimage,manhattan,ball_tree,4,0.2866395728876869,0.0057012611806944,1.199180827178364,0.2988344988344988,86,32.45183324813843
satimage,manhattan,ball_tree,5,0.3484231323058422,0.0032622474208215,1.053566875650879,0.2758352758352758,50,32.4708354473114
satimage,manhattan,ball_tree,6,0.3762782335660753,0.0040069424881843,1.0747871430851028,0.261072261072261,21,32.388866901397705
satimage,manhattan,ball_tree,7,0.4213934601575367,0.0004706701167078,1.0762182271858478,0.2531468531468531,13,32.12986660003662
satimage,manhattan,ball_tree,8,0.7771666424354545,-0.0006292020350301,0.3288076377077744,0.2436674436674436,5,32.3294312953949
satimage,manhattan,ball_tree,9,0.6225766841558579,-0.0008250349225994,0.5510889823003493,0.2382284382284382,2,32.15143132209778
satimage,manhattan,ball_tree,10,,-0.0003646331814918,,0.2382284382284382,1,32.0003125667572
satimage,manhattan,ball_tree,11,,0.0,,0.2382284382284382,1,31.8843162059784
satimage,manhattan,ball_tree,12,,0.0,,0.2382284382284382,1,32.1833176612854
satimage,manhattan,ball_tree,13,,0.0,,0.2382284382284382,1,32.053314208984375
satimage,manhattan,ball_tree,14,,0.0,,0.2382284382284382,1,31.994704246521
satimage,manhattan,ball_tree,15,,0.0,,0.2382284382284382,1,31.9807026386261
satimage,manhattan,brute,2,0.1626625488762045,0.0198926539679737,1.1588072025776854,0.5064491064491065,851,374.63579201698303
satimage,manhattan,brute,3,0.1982638644197261,0.0130325098901698,1.308787563103698,0.367987567987568,265,373.6817390918732
satimage,manhattan,brute,4,0.2866395728876869,0.0057012611806944,1.199180827178364,0.2988344988344988,86,375.1377911567688
satimage,manhattan,brute,5,0.3484231323058422,0.0032622474208215,1.053566875650879,0.2758352758352758,50,262.1798942089081
satimage,manhattan,brute,6,0.3762782335660753,0.0040069424881843,1.0747871430851028,0.261072261072261,21,373.73778915405273
satimage,manhattan,brute,7,0.4213934601575367,0.0004706701167078,1.0762182271858478,0.2531468531468531,13,372.3422226905823
satimage,manhattan,brute,8,0.7771666424354545,-0.0006292020350301,0.3288076377077744,0.2436674436674436,5,376.8973138332367
satimage,manhattan,brute,9,0.6225766841558579,-0.0008250349225994,0.5510889823003493,0.2382284382284382,2,371.6352183818817
satimage,manhattan,brute,10,,-0.0003646331814918,,0.2382284382284382,1,372.0792229175568
satimage,manhattan,brute,11,,0.0,,0.2382284382284382,1,377.16231417655945
satimage,manhattan,brute,12,,0.0,,0.2382284382284382,1,372.46279096603394
satimage,manhattan,brute,13,,0.0,,0.2382284382284382,1,373.05579113960266
satimage,manhattan,brute,14,,0.0,,0.2382284382284382,1,372.41719603538513
satimage,manhattan,brute,15,,0.0,,0.2382284382284382,1,371.92619466781616
satimage,manhattan,kd_tree,2,0.1626625488762045,0.0198926539679737,1.1588072025776854,0.5064491064491065,851,31.920891046524048
satimage,manhattan,kd_tree,3,0.1982638644197261,0.0130325098901698,1.308787563103698,0.367987567987568,265,31.95988869667053
satimage,manhattan,kd_tree,4,0.2866395728876869,0.0057012611806944,1.199180827178364,0.2988344988344988,86,31.39563608169556
satimage,manhattan,kd_tree,5,0.3484231323058422,0.0032622474208215,1.053566875650879,0.2758352758352758,50,31.477636575698853
satimage,manhattan,kd_tree,6,0.3762782335660753,0.0040069424881843,1.0747871430851028,0.261072261072261,21,31.11941885948181
satimage,manhattan,kd_tree,7,0.4213934601575367,0.0004706701167078,1.0762182271858478,0.2531468531468531,13,31.136414289474487
satimage,manhattan,kd_tree,8,0.7771666424354545,-0.0006292020350301,0.3288076377077744,0.2436674436674436,5,41.53364038467407
satimage,manhattan,kd_tree,9,0.6225766841558579,-0.0008250349225994,0.5510889823003493,0.2382284382284382,2,42.47457218170166
satimage,manhattan,kd_tree,10,,-0.0003646331814918,,0.2382284382284382,1,42.737571001052856
satimage,manhattan,kd_tree,11,,0.0,,0.2382284382284382,1,42.49757266044617
satimage,manhattan,kd_tree,12,,0.0,,0.2382284382284382,1,43.0505735874176
satimage,manhattan,kd_tree,13,,0.0,,0.2382284382284382,1,43.048043966293335
satimage,manhattan,kd_tree,14,,0.0,,0.2382284382284382,1,36.51441478729248
satimage,manhattan,kd_tree,15,,0.0,,0.2382284382284382,1,36.69041442871094
splice,chebyshev,ball_tree,2,,7.463550237260977e-05,,0.550232867598137,1,49.569111585617065
splice,chebyshev,ball_tree,3,,0.0,,0.550232867598137,1,47.758580446243286
splice,chebyshev,ball_tree,4,,0.0,,0.550232867598137,1,37.32926654815674
splice,chebyshev,ball_tree,5,,0.0,,0.550232867598137,1,36.399521589279175
splice,chebyshev,ball_tree,6,,0.0,,0.550232867598137,1,29.394293308258057
splice,chebyshev,ball_tree,7,,0.0,,0.550232867598137,1,29.231788873672485
splice,chebyshev,ball_tree,8,,0.0,,0.550232867598137,1,28.4849910736084
splice,chebyshev,ball_tree,9,,0.0,,0.550232867598137,1,28.097946643829346
splice,chebyshev,ball_tree,10,,0.0,,0.550232867598137,1,27.35719084739685
splice,chebyshev,ball_tree,11,,0.0,,0.550232867598137,1,27.1382737159729
splice,chebyshev,ball_tree,12,,0.0,,0.550232867598137,1,27.669649600982662
splice,chebyshev,ball_tree,13,,0.0,,0.550232867598137,1,27.021323204040527
splice,chebyshev,ball_tree,14,,0.0,,0.550232867598137,1,26.73525595664978
splice,chebyshev,ball_tree,15,,0.0,,0.550232867598137,1,33.580522537231445
splice,chebyshev,brute,2,,7.463550237260977e-05,,0.550232867598137,1,153.2224245071411
splice,chebyshev,brute,3,,0.0,,0.550232867598137,1,146.9052276611328
splice,chebyshev,brute,4,,0.0,,0.550232867598137,1,141.34015607833862
splice,chebyshev,brute,5,,0.0,,0.550232867598137,1,138.95736384391785
splice,chebyshev,brute,6,,0.0,,0.550232867598137,1,135.1131534576416
splice,chebyshev,brute,7,,0.0,,0.550232867598137,1,129.32786202430725
splice,chebyshev,brute,8,,0.0,,0.550232867598137,1,127.60203576087952
splice,chebyshev,brute,9,,0.0,,0.550232867598137,1,125.67495012283324
splice,chebyshev,brute,10,,0.0,,0.550232867598137,1,123.07395029067992
splice,chebyshev,brute,11,,0.0,,0.550232867598137,1,120.07625603675842
splice,chebyshev,brute,12,,0.0,,0.550232867598137,1,102.93152141571044
splice,chebyshev,brute,13,,0.0,,0.550232867598137,1,117.2463903427124
splice,chebyshev,brute,14,,0.0,,0.550232867598137,1,116.76138877868652
splice,chebyshev,brute,15,,0.0,,0.550232867598137,1,116.20938777923584
splice,chebyshev,kd_tree,2,,7.463550237260977e-05,,0.550232867598137,1,40.98071265220642
splice,chebyshev,kd_tree,3,,0.0,,0.550232867598137,1,61.284995794296265
splice,chebyshev,kd_tree,4,,0.0,,0.550232867598137,1,47.99780035018921
splice,chebyshev,kd_tree,5,,0.0,,0.550232867598137,1,43.43858695030213
splice,chebyshev,kd_tree,6,,0.0,,0.550232867598137,1,51.52027106285095
splice,chebyshev,kd_tree,7,,0.0,,0.550232867598137,1,51.5326726436615
splice,chebyshev,kd_tree,8,,0.0,,0.550232867598137,1,60.30181121826172
splice,chebyshev,kd_tree,9,,0.0,,0.550232867598137,1,46.24533939361572
splice,chebyshev,kd_tree,10,,0.0,,0.550232867598137,1,54.30687880516052
splice,chebyshev,kd_tree,11,,0.0,,0.550232867598137,1,55.44971132278442
splice,chebyshev,kd_tree,12,,0.0,,0.550232867598137,1,52.63263821601868
splice,chebyshev,kd_tree,13,,0.0,,0.550232867598137,1,47.92888069152832
splice,chebyshev,kd_tree,14,,0.0,,0.550232867598137,1,52.44281888008118
splice,chebyshev,kd_tree,15,,0.0,,0.550232867598137,1,51.884811878204346
splice,euclidean,ball_tree,2,0.3918421510403774,0.1806152964732017,0.9933334746921128,0.6906187624750499,169,41.30188250541687
splice,euclidean,ball_tree,3,0.422324435972515,0.1116120195930732,1.0115902835230757,0.6377245508982036,64,41.87493944168091
splice,euclidean,ball_tree,4,0.4472790349127982,0.0778872808214118,0.960189432860472,0.6114437791084497,33,38.81876301765442
splice,euclidean,ball_tree,5,0.4413056237913755,0.0611759851890753,0.9809423266295524,0.5988023952095808,21,38.060765743255615
splice,euclidean,ball_tree,6,0.4455187199328854,0.0478590701209443,1.0556445771191216,0.5884896872920825,14,38.402233600616455
splice,euclidean,ball_tree,7,0.376761645364803,0.0287803737641631,1.2060796461378076,0.571523619427811,6,38.30923175811768
splice,euclidean,ball_tree,8,0.4412614886856008,0.0191751447602389,0.9764465994898404,0.5658682634730539,4,40.45358443260193
splice,euclidean,ball_tree,9,0.3936057276462247,0.015928006557658,1.0748024390185689,0.5632069194943446,3,40.71964240074158
splice,euclidean,ball_tree,10,0.3367281530076506,0.0184115600469428,1.2245560961786397,0.5652029274783765,3,38.96483850479126
splice,euclidean,ball_tree,11,0.3491014472824024,0.0175908229693259,1.2029698435537242,0.5645375914836993,3,38.94637727737427
splice,euclidean,ball_tree,12,0.3349467597854364,0.0184409439135593,1.2619682081630317,0.5652029274783765,3,37.1371123790741
splice,euclidean,ball_tree,13,,0.0060734760962108,,0.5552228875582169,1,37.03352165222168
splice,euclidean,ball_tree,14,,0.0,,0.550232867598137,1,38.410524129867554
splice,euclidean,ball_tree,15,,0.0,,0.550232867598137,1,38.34652328491211
splice,euclidean,brute,2,0.3918421510403774,0.1806152964732017,0.9933334746921128,0.6906187624750499,169,358.18760418891907
splice,euclidean,brute,3,0.422324435972515,0.1116120195930732,1.0115902835230757,0.6377245508982036,64,356.9076039791107
splice,euclidean,brute,4,0.4472790349127982,0.0778872808214118,0.960189432860472,0.6114437791084497,33,357.7100827693939
splice,euclidean,brute,5,0.4413056237913755,0.0611759851890753,0.9809423266295524,0.5988023952095808,21,360.48360800743103
splice,euclidean,brute,6,0.4455187199328854,0.0478590701209443,1.0556445771191216,0.5884896872920825,14,357.7279577255249
splice,euclidean,brute,7,0.376761645364803,0.0287803737641631,1.2060796461378076,0.571523619427811,6,358.5795691013336
splice,euclidean,brute,8,0.4412614886856008,0.0191751447602389,0.9764465994898404,0.5658682634730539,4,360.5274860858917
splice,euclidean,brute,9,0.3936057276462247,0.015928006557658,1.0748024390185689,0.5632069194943446,3,359.71748447418213
splice,euclidean,brute,10,0.3367281530076506,0.0184115600469428,1.2245560961786397,0.5652029274783765,3,361.7661995887756
splice,euclidean,brute,11,0.3491014472824024,0.0175908229693259,1.2029698435537242,0.5645375914836993,3,212.16102862358093
splice,euclidean,brute,12,0.3349467597854364,0.0184409439135593,1.2619682081630317,0.5652029274783765,3,368.98831701278687
splice,euclidean,brute,13,,0.0060734760962108,,0.5552228875582169,1,368.0663170814514
splice,euclidean,brute,14,,0.0,,0.550232867598137,1,371.66731882095337
splice,euclidean,brute,15,,0.0,,0.550232867598137,1,376.12231183052063
splice,euclidean,kd_tree,2,0.3918421510403774,0.1806152964732017,0.9933334746921128,0.6906187624750499,169,41.868555545806885
splice,euclidean,kd_tree,3,0.422324435972515,0.1116120195930732,1.0115902835230757,0.6377245508982036,64,41.88309144973755
splice,euclidean,kd_tree,4,0.4472790349127982,0.0778872808214118,0.960189432860472,0.6114437791084497,33,42.92642331123352
splice,euclidean,kd_tree,5,0.4413056237913755,0.0611759851890753,0.9809423266295524,0.5988023952095808,21,42.26837277412415
splice,euclidean,kd_tree,6,0.4455187199328854,0.0478590701209443,1.0556445771191216,0.5884896872920825,14,42.32483959197998
splice,euclidean,kd_tree,7,0.376761645364803,0.0287803737641631,1.2060796461378076,0.571523619427811,6,43.08136320114136
splice,euclidean,kd_tree,8,0.4412614886856008,0.0191751447602389,0.9764465994898404,0.5658682634730539,4,49.55174112319946
splice,euclidean,kd_tree,9,0.3936057276462247,0.015928006557658,1.0748024390185689,0.5632069194943446,3,50.995744466781616
splice,euclidean,kd_tree,10,0.3367281530076506,0.0184115600469428,1.2245560961786397,0.5652029274783765,3,63.48793983459473
splice,euclidean,kd_tree,11,0.3491014472824024,0.0175908229693259,1.2029698435537242,0.5645375914836993,3,66.1888952255249
splice,euclidean,kd_tree,12,0.3349467597854364,0.0184409439135593,1.2619682081630317,0.5652029274783765,3,61.703895568847656
splice,euclidean,kd_tree,13,,0.0060734760962108,,0.5552228875582169,1,67.0918939113617
splice,euclidean,kd_tree,14,,0.0,,0.550232867598137,1,65.29689502716064
splice,euclidean,kd_tree,15,,0.0,,0.550232867598137,1,62.634899854660034
splice,l1,ball_tree,2,0.2618749626366763,0.1857214517420333,1.2147023443521046,0.7268795741849634,280,26.63203763961792
splice,l1,ball_tree,3,0.3468380054230994,0.1354773843389466,1.3001513498993,0.653692614770459,77,26.74355936050415
splice,l1,ball_tree,4,0.3710015056364909,0.096800351457,1.227286616012523,0.6254158349966733,43,27.97562026977539
splice,l1,ball_tree,5,0.3863704044109315,0.0683866631067692,1.2276593267516296,0.6041250831669993,22,28.233530282974243
splice,l1,ball_tree,6,0.3874122963960352,0.0535141800306098,1.1823459817237911,0.592814371257485,14,28.834086656570435
splice,l1,ball_tree,7,0.3575941678511128,0.0330854918620495,1.2271929377059128,0.5768463073852296,7,28.068602085113525
splice,l1,ball_tree,8,0.3476131040053978,0.0305321966902156,1.265497025757342,0.5748502994011976,6,29.03548741340637
splice,l1,ball_tree,9,0.3236620321651414,0.0192611751098859,1.2847808356772503,0.5658682634730539,3,28.708356380462646
splice,l1,ball_tree,10,0.3367281530076506,0.0184115600469428,1.2245560961786397,0.5652029274783765,3,28.140511512756348
splice,l1,ball_tree,11,0.3420301693359665,0.0180006585323682,1.215178043517673,0.564870259481038,3,28.444749116897583
splice,l1,ball_tree,12,0.3349467597854364,0.0184409439135593,1.2619682081630317,0.5652029274783765,3,29.00923991203308
splice,l1,ball_tree,13,0.358219034252315,0.0134364755977634,1.157803694246721,0.5612109115103127,2,29.197099685668945
splice,l1,ball_tree,14,0.358219034252315,0.0134364755977634,1.157803694246721,0.5612109115103127,2,27.959383487701416
splice,l1,ball_tree,15,,0.0061405268280827,,0.5552228875582169,1,27.713770866394043
splice,l1,brute,2,0.2618749626366763,0.1857214517420333,1.2147023443521046,0.7268795741849634,280,155.71680283546448
splice,l1,brute,3,0.3468380054230994,0.1354773843389466,1.3001513498993,0.653692614770459,77,154.10808730125427
splice,l1,brute,4,0.3710015056364909,0.096800351457,1.227286616012523,0.6254158349966733,43,153.4304656982422
splice,l1,brute,5,0.3863704044109315,0.0683866631067692,1.2276593267516296,0.6041250831669993,22,151.4788339138031
splice,l1,brute,6,0.3874122963960352,0.0535141800306098,1.1823459817237911,0.592814371257485,14,149.1390962600708
splice,l1,brute,7,0.3575941678511128,0.0330854918620495,1.2271929377059128,0.5768463073852296,7,149.2650957107544
splice,l1,brute,8,0.3476131040053978,0.0305321966902156,1.265497025757342,0.5748502994011976,6,147.83676052093506
splice,l1,brute,9,0.3236620321651414,0.0192611751098859,1.2847808356772503,0.5658682634730539,3,147.42676663398743
splice,l1,brute,10,0.3367281530076506,0.0184115600469428,1.2245560961786397,0.5652029274783765,3,147.4917232990265
splice,l1,brute,11,0.3420301693359665,0.0180006585323682,1.215178043517673,0.564870259481038,3,142.61845183372498
splice,l1,brute,12,0.3349467597854364,0.0184409439135593,1.2619682081630317,0.5652029274783765,3,142.43622875213623
splice,l1,brute,13,0.358219034252315,0.0134364755977634,1.157803694246721,0.5612109115103127,2,141.77317214012146
splice,l1,brute,14,0.358219034252315,0.0134364755977634,1.157803694246721,0.5612109115103127,2,109.66843819618224
splice,l1,brute,15,,0.0061405268280827,,0.5552228875582169,1,102.64817118644714
splice,l1,kd_tree,2,0.2618749626366763,0.1857214517420333,1.2147023443521046,0.7268795741849634,280,30.47932910919189
splice,l1,kd_tree,3,0.3468380054230994,0.1354773843389466,1.3001513498993,0.653692614770459,77,30.30808925628662
splice,l1,kd_tree,4,0.3710015056364909,0.096800351457,1.227286616012523,0.6254158349966733,43,29.06054949760437
splice,l1,kd_tree,5,0.3863704044109315,0.0683866631067692,1.2276593267516296,0.6041250831669993,22,29.00194311141968
splice,l1,kd_tree,6,0.3874122963960352,0.0535141800306098,1.1823459817237911,0.592814371257485,14,37.039368629455566
splice,l1,kd_tree,7,0.3575941678511128,0.0330854918620495,1.2271929377059128,0.5768463073852296,7,37.52525973320007
splice,l1,kd_tree,8,0.3476131040053978,0.0305321966902156,1.265497025757342,0.5748502994011976,6,35.229297399520874
splice,l1,kd_tree,9,0.3236620321651414,0.0192611751098859,1.2847808356772503,0.5658682634730539,3,42.928945779800415
splice,l1,kd_tree,10,0.3367281530076506,0.0184115600469428,1.2245560961786397,0.5652029274783765,3,43.37022113800049
splice,l1,kd_tree,11,0.3420301693359665,0.0180006585323682,1.215178043517673,0.564870259481038,3,42.36295056343079
splice,l1,kd_tree,12,0.3349467597854364,0.0184409439135593,1.2619682081630317,0.5652029274783765,3,39.51466703414917
splice,l1,kd_tree,13,0.358219034252315,0.0134364755977634,1.157803694246721,0.5612109115103127,2,45.92973852157593
splice,l1,kd_tree,14,0.358219034252315,0.0134364755977634,1.157803694246721,0.5612109115103127,2,48.1121985912323
splice,l1,kd_tree,15,,0.0061405268280827,,0.5552228875582169,1,48.82071495056152
splice,manhattan,ball_tree,2,0.2618749626366763,0.1857214517420333,1.2147023443521046,0.7268795741849634,280,49.18426060676575
splice,manhattan,ball_tree,3,0.3468380054230994,0.1354773843389466,1.3001513498993,0.653692614770459,77,49.382258892059326
splice,manhattan,ball_tree,4,0.3710015056364909,0.096800351457,1.227286616012523,0.6254158349966733,43,49.679119348526
splice,manhattan,ball_tree,5,0.3863704044109315,0.0683866631067692,1.2276593267516296,0.6041250831669993,22,49.56409311294556
splice,manhattan,ball_tree,6,0.3874122963960352,0.0535141800306098,1.1823459817237911,0.592814371257485,14,48.4947624206543
splice,manhattan,ball_tree,7,0.3575941678511128,0.0330854918620495,1.2271929377059128,0.5768463073852296,7,48.46676182746887
splice,manhattan,ball_tree,8,0.3476131040053978,0.0305321966902156,1.265497025757342,0.5748502994011976,6,45.41982746124268
splice,manhattan,ball_tree,9,0.3236620321651414,0.0192611751098859,1.2847808356772503,0.5658682634730539,3,45.66882991790772
splice,manhattan,ball_tree,10,0.3367281530076506,0.0184115600469428,1.2245560961786397,0.5652029274783765,3,43.53420615196228
splice,manhattan,ball_tree,11,0.3420301693359665,0.0180006585323682,1.215178043517673,0.564870259481038,3,43.61920642852783
splice,manhattan,ball_tree,12,0.3349467597854364,0.0184409439135593,1.2619682081630317,0.5652029274783765,3,43.86620306968689
splice,manhattan,ball_tree,13,0.358219034252315,0.0134364755977634,1.157803694246721,0.5612109115103127,2,44.72464942932129
splice,manhattan,ball_tree,14,0.358219034252315,0.0134364755977634,1.157803694246721,0.5612109115103127,2,44.6477735042572
splice,manhattan,ball_tree,15,,0.0061405268280827,,0.5552228875582169,1,44.52577018737793
splice,manhattan,brute,2,0.2618749626366763,0.1857214517420333,1.2147023443521046,0.7268795741849634,280,244.77745485305783
splice,manhattan,brute,3,0.3468380054230994,0.1354773843389466,1.3001513498993,0.653692614770459,77,243.58592081069943
splice,manhattan,brute,4,0.3710015056364909,0.096800351457,1.227286616012523,0.6254158349966733,43,192.2962191104889
splice,manhattan,brute,5,0.3863704044109315,0.0683866631067692,1.2276593267516296,0.6041250831669993,22,237.04694747924805
splice,manhattan,brute,6,0.3874122963960352,0.0535141800306098,1.1823459817237911,0.592814371257485,14,238.00305032730105
splice,manhattan,brute,7,0.3575941678511128,0.0330854918620495,1.2271929377059128,0.5768463073852296,7,236.90554022789
splice,manhattan,brute,8,0.3476131040053978,0.0305321966902156,1.265497025757342,0.5748502994011976,6,236.90605521202087
splice,manhattan,brute,9,0.3236620321651414,0.0192611751098859,1.2847808356772503,0.5658682634730539,3,236.039113521576
splice,manhattan,brute,10,0.3367281530076506,0.0184115600469428,1.2245560961786397,0.5652029274783765,3,235.1661622524261
splice,manhattan,brute,11,0.3420301693359665,0.0180006585323682,1.215178043517673,0.564870259481038,3,235.3012323379517
splice,manhattan,brute,12,0.3349467597854364,0.0184409439135593,1.2619682081630317,0.5652029274783765,3,236.55393385887143
splice,manhattan,brute,13,0.358219034252315,0.0134364755977634,1.157803694246721,0.5612109115103127,2,235.1619367599488
splice,manhattan,brute,14,0.358219034252315,0.0134364755977634,1.157803694246721,0.5612109115103127,2,234.9001405239105
splice,manhattan,brute,15,,0.0061405268280827,,0.5552228875582169,1,236.0469026565552
splice,manhattan,kd_tree,2,0.2618749626366763,0.1857214517420333,1.2147023443521046,0.7268795741849634,280,52.606152057647705
splice,manhattan,kd_tree,3,0.3468380054230994,0.1354773843389466,1.3001513498993,0.653692614770459,77,79.08837580680847
splice,manhattan,kd_tree,4,0.3710015056364909,0.096800351457,1.227286616012523,0.6254158349966733,43,73.77428770065308
splice,manhattan,kd_tree,5,0.3863704044109315,0.0683866631067692,1.2276593267516296,0.6041250831669993,22,58.774757623672485
splice,manhattan,kd_tree,6,0.3874122963960352,0.0535141800306098,1.1823459817237911,0.592814371257485,14,48.99267482757568
splice,manhattan,kd_tree,7,0.3575941678511128,0.0330854918620495,1.2271929377059128,0.5768463073852296,7,55.33121991157532
splice,manhattan,kd_tree,8,0.3476131040053978,0.0305321966902156,1.265497025757342,0.5748502994011976,6,75.66784691810608
splice,manhattan,kd_tree,9,0.3236620321651414,0.0192611751098859,1.2847808356772503,0.5658682634730539,3,76.53026151657104
splice,manhattan,kd_tree,10,0.3367281530076506,0.0184115600469428,1.2245560961786397,0.5652029274783765,3,53.50953221321106
splice,manhattan,kd_tree,11,0.3420301693359665,0.0180006585323682,1.215178043517673,0.564870259481038,3,56.54197764396668
splice,manhattan,kd_tree,12,0.3349467597854364,0.0184409439135593,1.2619682081630317,0.5652029274783765,3,68.49197745323181
splice,manhattan,kd_tree,13,0.358219034252315,0.0134364755977634,1.157803694246721,0.5612109115103127,2,57.97234296798706
splice,manhattan,kd_tree,14,0.358219034252315,0.0134364755977634,1.157803694246721,0.5612109115103127,2,56.70640420913696
splice,manhattan,kd_tree,15,,0.0061405268280827,,0.5552228875582169,1,44.87182331085205
vowel,chebyshev,ball_tree,2,0.4730904422892611,0.0449540773610374,0.6227666942647179,0.8949494949494949,278,1.499997854232788
vowel,chebyshev,ball_tree,3,0.5362881045931783,0.0786258366262633,0.6599427639475608,0.914141414141414,168,1.4949989318847656
vowel,chebyshev,ball_tree,4,0.5442844156046174,0.0848137338441649,0.6517125875857069,0.8464646464646465,142,1.6520001888275146
vowel,chebyshev,ball_tree,5,0.5459795009318034,0.0690805585504811,0.6611290793915342,0.7222222222222222,116,1.6759984493255615
vowel,chebyshev,ball_tree,6,0.530005095053585,0.0441666691184746,0.6905868383510644,0.5676767676767677,87,1.8570013046264648
vowel,chebyshev,ball_tree,7,0.4636994003917475,0.0210389039536915,0.8207202159256659,0.2878787878787879,35,1.8350021839141848
vowel,chebyshev,ball_tree,8,0.4614032513840982,0.017432077266644,0.8280069209343931,0.2353535353535353,26,1.9899992942810056
vowel,chebyshev,ball_tree,9,0.4995015387761312,0.0093253073788821,0.7904777110492475,0.204040404040404,19,1.949000120162964
vowel,chebyshev,ball_tree,10,0.494588526119406,0.0057502304495838,0.8134565254888247,0.1787878787878788,14,1.9110000133514404
vowel,chebyshev,ball_tree,11,0.5174665387819628,0.0025187450600987,0.8092379118386558,0.1484848484848485,9,1.842999696731568
vowel,chebyshev,ball_tree,12,0.5175342607819188,0.0015345792860782,0.779254040356199,0.1343434343434343,7,1.803998708724976
vowel,chebyshev,ball_tree,13,0.5787802804870549,0.0009396877205174,0.6252976018938071,0.1151515151515151,4,1.5829994678497314
vowel,chebyshev,ball_tree,14,0.6004479148879835,0.0007784013258888,0.64631482842377,0.106060606060606,2,1.7200005054473877
vowel,chebyshev,ball_tree,15,,0.0003297887585219,,0.0969696969696969,1,1.6869995594024658
vowel,chebyshev,brute,2,0.4730904422892611,0.0449540773610374,0.6227666942647179,0.8949494949494949,278,18.97509956359864
vowel,chebyshev,brute,3,0.5362881045931783,0.0786258366262633,0.6599427639475608,0.914141414141414,168,18.837098121643063
vowel,chebyshev,brute,4,0.5442844156046174,0.0848137338441649,0.6517125875857069,0.8464646464646465,142,18.440098524093628
vowel,chebyshev,brute,5,0.5459795009318034,0.0690805585504811,0.6611290793915342,0.7222222222222222,116,18.200128316879272
vowel,chebyshev,brute,6,0.530005095053585,0.0441666691184746,0.6905868383510644,0.5676767676767677,87,18.18613076210022
vowel,chebyshev,brute,7,0.4636994003917475,0.0210389039536915,0.8207202159256659,0.2878787878787879,35,18.15813159942627
vowel,chebyshev,brute,8,0.4614032513840982,0.017432077266644,0.8280069209343931,0.2353535353535353,26,15.480305671691896
vowel,chebyshev,brute,9,0.4995015387761312,0.0093253073788821,0.7904777110492475,0.204040404040404,19,15.001291275024414
vowel,chebyshev,brute,10,0.494588526119406,0.0057502304495838,0.8134565254888247,0.1787878787878788,14,14.954291343688965
vowel,chebyshev,brute,11,0.5174665387819628,0.0025187450600987,0.8092379118386558,0.1484848484848485,9,11.09685492515564
vowel,chebyshev,brute,12,0.5175342607819188,0.0015345792860782,0.779254040356199,0.1343434343434343,7,11.03685474395752
vowel,chebyshev,brute,13,0.5787802804870549,0.0009396877205174,0.6252976018938071,0.1151515151515151,4,10.864853382110596
vowel,chebyshev,brute,14,0.6004479148879835,0.0007784013258888,0.64631482842377,0.106060606060606,2,10.753854274749756
vowel,chebyshev,brute,15,,0.0003297887585219,,0.0969696969696969,1,10.571855306625366
vowel,chebyshev,kd_tree,2,0.4730904422892611,0.0449540773610374,0.6227666942647179,0.8949494949494949,278,1.6279995441436768
vowel,chebyshev,kd_tree,3,0.5362881045931783,0.0786258366262633,0.6599427639475608,0.914141414141414,168,1.074000358581543
vowel,chebyshev,kd_tree,4,0.5442844156046174,0.0848137338441649,0.6517125875857069,0.8464646464646465,142,1.5839998722076416
vowel,chebyshev,kd_tree,5,0.5459795009318034,0.0690805585504811,0.6611290793915342,0.7222222222222222,116,1.830000400543213
vowel,chebyshev,kd_tree,6,0.530005095053585,0.0441666691184746,0.6905868383510644,0.5676767676767677,87,1.3179996013641355
vowel,chebyshev,kd_tree,7,0.4636994003917475,0.0210389039536915,0.8207202159256659,0.2878787878787879,35,1.880998134613037
vowel,chebyshev,kd_tree,8,0.4614032513840982,0.017432077266644,0.8280069209343931,0.2353535353535353,26,1.794999122619629
vowel,chebyshev,kd_tree,9,0.4995015387761312,0.0093253073788821,0.7904777110492475,0.204040404040404,19,1.8369998931884768
vowel,chebyshev,kd_tree,10,0.494588526119406,0.0057502304495838,0.8134565254888247,0.1787878787878788,14,1.7860004901885986
vowel,chebyshev,kd_tree,11,0.5174665387819628,0.0025187450600987,0.8092379118386558,0.1484848484848485,9,1.061001539230347
vowel,chebyshev,kd_tree,12,0.5175342607819188,0.0015345792860782,0.779254040356199,0.1343434343434343,7,1.5619993209838867
vowel,chebyshev,kd_tree,13,0.5787802804870549,0.0009396877205174,0.6252976018938071,0.1151515151515151,4,1.4600012302398682
vowel,chebyshev,kd_tree,14,0.6004479148879835,0.0007784013258888,0.64631482842377,0.106060606060606,2,1.4310004711151123
vowel,chebyshev,kd_tree,15,,0.0003297887585219,,0.0969696969696969,1,1.4299993515014648
vowel,euclidean,ball_tree,2,0.473747281255607,0.0474404646199625,0.6162838751963886,0.9202020202020202,288,1.8859984874725344
vowel,euclidean,ball_tree,3,0.538963032062425,0.0746904443545077,0.6576476148522347,0.895959595959596,169,1.7829997539520264
vowel,euclidean,ball_tree,4,0.5358390652977533,0.0887612891657341,0.6756026300754189,0.906060606060606,154,1.9700026512146
vowel,euclidean,ball_tree,5,0.5393925515396115,0.0869989977015844,0.6930487484268198,0.804040404040404,131,1.948999166488648
vowel,euclidean,ball_tree,6,0.5493845898997878,0.0441095639016569,0.6470750988233527,0.6050505050505051,93,1.9150002002716064
vowel,euclidean,ball_tree,7,0.4068778888175535,0.029565343039357,0.9473777025244215,0.3202020202020202,39,1.8099994659423828
vowel,euclidean,ball_tree,8,0.4267474305466659,0.028215505073197,0.9155464905077716,0.2767676767676768,32,1.871000051498413
vowel,euclidean,ball_tree,9,0.4705242319741388,0.0114941034364326,0.8290687981282601,0.2161616161616161,21,2.1080007553100586
vowel,euclidean,ball_tree,10,0.443233948992997,0.0160256146953957,0.8833565837375209,0.206060606060606,20,2.147999763488769
vowel,euclidean,ball_tree,11,0.4063351051090654,0.0102352983007842,0.9192918667487938,0.1959595959595959,18,1.930999517440796
vowel,euclidean,ball_tree,12,0.4211129650308989,0.0094519355700771,0.9454793594570784,0.1696969696969697,13,1.8520021438598635
vowel,euclidean,ball_tree,13,0.4975241916813319,0.0031499754005142,0.8082412338480734,0.1414141414141414,8,1.860999345779419
vowel,euclidean,ball_tree,14,0.4966124897834452,0.0033954878266956,0.82434454512707,0.1333333333333333,6,1.76399827003479
vowel,euclidean,ball_tree,15,0.4560930128745816,0.0022587148020004,0.8815639323797165,0.1212121212121212,4,1.809998035430908
vowel,euclidean,brute,2,0.473747281255607,0.0474404646199625,0.6162838751963886,0.9202020202020202,288,65.53132605552673
vowel,euclidean,brute,3,0.5374967988858025,0.0773137860254821,0.6619904764310536,0.91010101010101,169,65.372323513031
vowel,euclidean,brute,4,0.5369410821862877,0.0890444097784836,0.6745746823418368,0.906060606060606,154,39.34966492652893
vowel,euclidean,brute,5,0.5397072164528861,0.0876792574215707,0.6963514268577642,0.804040404040404,131,38.46866822242737
vowel,euclidean,brute,6,0.5547067782855721,0.0419533606291508,0.6408272359794832,0.6050505050505051,93,38.37366580963135
vowel,euclidean,brute,7,0.4025695152608744,0.0303719737121938,0.9560785410702218,0.3202020202020202,39,33.82821178436279
vowel,euclidean,brute,8,0.4267474305466659,0.028215505073197,0.9155464905077716,0.2767676767676768,32,33.51664137840271
vowel,euclidean,brute,9,0.4705242319741388,0.0114941034364326,0.8290687981282601,0.2161616161616161,21,33.50824952125549
vowel,euclidean,brute,10,0.443233948992997,0.0160256146953957,0.8833565837375209,0.206060606060606,20,33.33724904060364
vowel,euclidean,brute,11,0.4062408568770198,0.0102446250068901,0.9188886718409898,0.1959595959595959,18,33.420249700546265
vowel,euclidean,brute,12,0.4211129650308989,0.0094519355700771,0.9454793594570784,0.1696969696969697,13,33.697248458862305
vowel,euclidean,brute,13,0.4975241916813319,0.0031499754005142,0.8082412338480734,0.1414141414141414,8,34.21324801445007
vowel,euclidean,brute,14,0.4966124897834452,0.0033954878266956,0.82434454512707,0.1333333333333333,6,34.731247663497925
vowel,euclidean,brute,15,0.4560930128745816,0.0022587148020004,0.8815639323797165,0.1212121212121212,4,37.11424684524536
vowel,euclidean,kd_tree,2,0.473747281255607,0.0474404646199625,0.6162838751963886,0.9202020202020202,288,1.8245177268981927
vowel,euclidean,kd_tree,3,0.538963032062425,0.0746904443545077,0.6576476148522347,0.895959595959596,169,1.7965192794799805
vowel,euclidean,kd_tree,4,0.5358390652977533,0.0887612891657341,0.6756026300754189,0.906060606060606,154,1.838998556137085
vowel,euclidean,kd_tree,5,0.5393925515396115,0.0869989977015844,0.6930487484268198,0.804040404040404,131,1.766000509262085
vowel,euclidean,kd_tree,6,0.5493845898997878,0.0441095639016569,0.6470750988233527,0.6050505050505051,93,1.7330000400543213
vowel,euclidean,kd_tree,7,0.4068778888175535,0.029565343039357,0.9473777025244215,0.3202020202020202,39,1.7269999980926514
vowel,euclidean,kd_tree,8,0.4267474305466659,0.028215505073197,0.9155464905077716,0.2767676767676768,32,1.9009990692138672
vowel,euclidean,kd_tree,9,0.4705242319741388,0.0114941034364326,0.8290687981282601,0.2161616161616161,21,1.8569979667663568
vowel,euclidean,kd_tree,10,0.443233948992997,0.0160256146953957,0.8833565837375209,0.206060606060606,20,1.8369998931884768
vowel,euclidean,kd_tree,11,0.4063351051090654,0.0102352983007842,0.9192918667487938,0.1959595959595959,18,1.84299898147583
vowel,euclidean,kd_tree,12,0.4211129650308989,0.0094519355700771,0.9454793594570784,0.1696969696969697,13,1.8830006122589111
vowel,euclidean,kd_tree,13,0.4975241916813319,0.0031499754005142,0.8082412338480734,0.1414141414141414,8,1.8930003643035889
vowel,euclidean,kd_tree,14,0.4966124897834452,0.0033954878266956,0.82434454512707,0.1333333333333333,6,1.8750007152557373
vowel,euclidean,kd_tree,15,0.4560930128745816,0.0022587148020004,0.8815639323797165,0.1212121212121212,4,1.8430001735687256
vowel,l1,ball_tree,2,0.4675004605385227,0.0495117099866763,0.627688262482097,0.9323232323232324,281,1.6643657684326172
vowel,l1,ball_tree,3,0.520155396603377,0.0797412427278213,0.6893745915590348,0.9303030303030304,172,1.637716293334961
vowel,l1,ball_tree,4,0.525539175350117,0.0843549209948394,0.7045747409351134,0.898989898989899,153,1.5937190055847168
vowel,l1,ball_tree,5,0.5404405076239784,0.0769136169364313,0.673928269888594,0.7868686868686868,128,1.5306427478790283
vowel,l1,ball_tree,6,0.5301029897965529,0.060156034891277,0.6916646224894456,0.6707070707070707,105,1.5746583938598633
vowel,l1,ball_tree,7,0.4012745766559789,0.0449907339408537,0.9620527011946324,0.3333333333333333,40,1.6480515003204346
vowel,l1,ball_tree,8,0.4066700056162326,0.0317533213067784,0.9343205316993622,0.2919191919191919,34,1.5910916328430176
vowel,l1,ball_tree,9,0.3840426054517779,0.0284698717471224,0.9725399927210256,0.2606060606060606,30,1.5305962562561035
vowel,l1,ball_tree,10,0.427183217580602,0.0136232367692243,0.9488268801200966,0.202020202020202,19,1.5305962562561035
vowel,l1,ball_tree,11,0.4060412928779394,0.0131674979192545,0.9862502571973614,0.1949494949494949,18,1.6126768589019775
vowel,l1,ball_tree,12,0.4017971306807382,0.0160269012902749,0.9973583402035056,0.1939393939393939,17,1.6356792449951172
vowel,l1,ball_tree,13,0.4757166212386758,0.0039854851913192,0.8990135627017308,0.1393939393939394,8,1.7450034618377686
vowel,l1,ball_tree,14,0.4321710693216273,0.0058178897915073,0.9584279917453216,0.1454545454545454,9,1.6840050220489502
vowel,l1,ball_tree,15,0.3915637279212583,0.0065550901312737,1.0295908759664287,0.1555555555555555,10,1.6110882759094238
vowel,l1,brute,2,0.4675004605385227,0.0495117099866763,0.627688262482097,0.9323232323232324,281,59.4631404876709
vowel,l1,brute,3,0.520155396603377,0.0797412427278213,0.6893745915590348,0.9303030303030304,172,58.88427257537842
vowel,l1,brute,4,0.525539175350117,0.0843549209948394,0.7045747409351134,0.898989898989899,153,32.2029767036438
vowel,l1,brute,5,0.5404405076239784,0.0769136169364313,0.673928269888594,0.7868686868686868,128,31.535268783569336
vowel,l1,brute,6,0.5301029897965529,0.060156034891277,0.6916646224894456,0.6707070707070707,105,24.03665900230408
vowel,l1,brute,7,0.4012745766559789,0.0449907339408537,0.9620527011946324,0.3333333333333333,40,23.20495104789734
vowel,l1,brute,8,0.4066700056162326,0.0317533213067784,0.9343205316993622,0.2919191919191919,34,15.216226577758787
vowel,l1,brute,9,0.3840426054517779,0.0284698717471224,0.9725399927210256,0.2606060606060606,30,15.14622449874878
vowel,l1,brute,10,0.427183217580602,0.0136232367692243,0.9488268801200966,0.202020202020202,19,15.02922773361206
vowel,l1,brute,11,0.4060412928779394,0.0131674979192545,0.9862502571973614,0.1949494949494949,18,14.942224025726318
vowel,l1,brute,12,0.4017971306807382,0.0160269012902749,0.9973583402035056,0.1939393939393939,17,14.988227128982544
vowel,l1,brute,13,0.4757166212386758,0.0039854851913192,0.8990135627017308,0.1393939393939394,8,14.832228660583496
vowel,l1,brute,14,0.4321710693216273,0.0058178897915073,0.9584279917453216,0.1454545454545454,9,14.73522925376892
vowel,l1,brute,15,0.3915637279212583,0.0065550901312737,1.0295908759664287,0.1555555555555555,10,14.637227058410645
vowel,l1,kd_tree,2,0.4675004605385227,0.0495117099866763,0.627688262482097,0.9323232323232324,281,1.6970868110656738
vowel,l1,kd_tree,3,0.520155396603377,0.0797412427278213,0.6893745915590348,0.9303030303030304,172,1.5669970512390137
vowel,l1,kd_tree,4,0.525539175350117,0.0843549209948394,0.7045747409351134,0.898989898989899,153,1.57308030128479
vowel,l1,kd_tree,5,0.5404405076239784,0.0769136169364313,0.673928269888594,0.7868686868686868,128,1.626533031463623
vowel,l1,kd_tree,6,0.5301029897965529,0.060156034891277,0.6916646224894456,0.6707070707070707,105,1.547067165374756
vowel,l1,kd_tree,7,0.4012745766559789,0.0449907339408537,0.9620527011946324,0.3333333333333333,40,1.7249977588653564
vowel,l1,kd_tree,8,0.4066700056162326,0.0317533213067784,0.9343205316993622,0.2919191919191919,34,1.785628318786621
vowel,l1,kd_tree,9,0.3840426054517779,0.0284698717471224,0.9725399927210256,0.2606060606060606,30,1.5400128364562988
vowel,l1,kd_tree,10,0.427183217580602,0.0136232367692243,0.9488268801200966,0.202020202020202,19,1.5393292903900146
vowel,l1,kd_tree,11,0.4060412928779394,0.0131674979192545,0.9862502571973614,0.1949494949494949,18,1.6222290992736816
vowel,l1,kd_tree,12,0.4017971306807382,0.0160269012902749,0.9973583402035056,0.1939393939393939,17,1.669286012649536
vowel,l1,kd_tree,13,0.4757166212386758,0.0039854851913192,0.8990135627017308,0.1393939393939394,8,1.64447021484375
vowel,l1,kd_tree,14,0.4321710693216273,0.0058178897915073,0.9584279917453216,0.1454545454545454,9,1.5844123363494873
vowel,l1,kd_tree,15,0.3915637279212583,0.0065550901312737,1.0295908759664287,0.1555555555555555,10,1.6889979839324951
vowel,manhattan,ball_tree,2,0.4675004605385227,0.0495117099866763,0.627688262482097,0.9323232323232324,281,1.4909982681274414
vowel,manhattan,ball_tree,3,0.520155396603377,0.0797412427278213,0.6893745915590348,0.9303030303030304,172,1.5799989700317385
vowel,manhattan,ball_tree,4,0.525539175350117,0.0843549209948394,0.7045747409351134,0.898989898989899,153,1.520000696182251
vowel,manhattan,ball_tree,5,0.5404405076239784,0.0769136169364313,0.673928269888594,0.7868686868686868,128,1.6020009517669678
vowel,manhattan,ball_tree,6,0.5301029897965529,0.060156034891277,0.6916646224894456,0.6707070707070707,105,1.575000286102295
vowel,manhattan,ball_tree,7,0.4012745766559789,0.0449907339408537,0.9620527011946324,0.3333333333333333,40,1.559000015258789
vowel,manhattan,ball_tree,8,0.4066700056162326,0.0317533213067784,0.9343205316993622,0.2919191919191919,34,1.5760021209716797
vowel,manhattan,ball_tree,9,0.3840426054517779,0.0284698717471224,0.9725399927210256,0.2606060606060606,30,1.6180002689361572
vowel,manhattan,ball_tree,10,0.427183217580602,0.0136232367692243,0.9488268801200966,0.202020202020202,19,1.6520001888275146
vowel,manhattan,ball_tree,11,0.4060412928779394,0.0131674979192545,0.9862502571973614,0.1949494949494949,18,1.6389999389648438
vowel,manhattan,ball_tree,12,0.4017971306807382,0.0160269012902749,0.9973583402035056,0.1939393939393939,17,1.6659996509552002
vowel,manhattan,ball_tree,13,0.4757166212386758,0.0039854851913192,0.8990135627017308,0.1393939393939394,8,1.6420016288757324
vowel,manhattan,ball_tree,14,0.4321710693216273,0.0058178897915073,0.9584279917453216,0.1454545454545454,9,1.550999879837036
vowel,manhattan,ball_tree,15,0.3915637279212583,0.0065550901312737,1.0295908759664287,0.1555555555555555,10,1.5789997577667236
vowel,manhattan,brute,2,0.4675004605385227,0.0495117099866763,0.627688262482097,0.9323232323232324,281,17.972087144851685
vowel,manhattan,brute,3,0.520155396603377,0.0797412427278213,0.6893745915590348,0.9303030303030304,172,17.89808440208435
vowel,manhattan,brute,4,0.525539175350117,0.0843549209948394,0.7045747409351134,0.898989898989899,153,17.557085275650024
vowel,manhattan,brute,5,0.5404405076239784,0.0769136169364313,0.673928269888594,0.7868686868686868,128,17.505085706710815
vowel,manhattan,brute,6,0.5301029897965529,0.060156034891277,0.6916646224894456,0.6707070707070707,105,26.520172119140625
vowel,manhattan,brute,7,0.4012745766559789,0.0449907339408537,0.9620527011946324,0.3333333333333333,40,26.630225658416748
vowel,manhattan,brute,8,0.4066700056162326,0.0317533213067784,0.9343205316993622,0.2919191919191919,34,26.51622438430786
vowel,manhattan,brute,9,0.3840426054517779,0.0284698717471224,0.9725399927210256,0.2606060606060606,30,27.088706016540527
vowel,manhattan,brute,10,0.427183217580602,0.0136232367692243,0.9488268801200966,0.202020202020202,19,26.95070624351501
vowel,manhattan,brute,11,0.4060412928779394,0.0131674979192545,0.9862502571973614,0.1949494949494949,18,27.07170557975769
vowel,manhattan,brute,12,0.4017971306807382,0.0160269012902749,0.9973583402035056,0.1939393939393939,17,26.979705810546875
vowel,manhattan,brute,13,0.4757166212386758,0.0039854851913192,0.8990135627017308,0.1393939393939394,8,26.968705892562863
vowel,manhattan,brute,14,0.4321710693216273,0.0058178897915073,0.9584279917453216,0.1454545454545454,9,26.946706771850582
vowel,manhattan,brute,15,0.3915637279212583,0.0065550901312737,1.0295908759664287,0.1555555555555555,10,26.925098419189453
vowel,manhattan,kd_tree,2,0.4675004605385227,0.0495117099866763,0.627688262482097,0.9323232323232324,281,1.5690011978149414
vowel,manhattan,kd_tree,3,0.520155396603377,0.0797412427278213,0.6893745915590348,0.9303030303030304,172,1.6449997425079346
vowel,manhattan,kd_tree,4,0.525539175350117,0.0843549209948394,0.7045747409351134,0.898989898989899,153,1.6695566177368164
vowel,manhattan,kd_tree,5,0.5404405076239784,0.0769136169364313,0.673928269888594,0.7868686868686868,128,1.590557098388672
vowel,manhattan,kd_tree,6,0.5301029897965529,0.060156034891277,0.6916646224894456,0.6707070707070707,105,1.6605565547943115
vowel,manhattan,kd_tree,7,0.4012745766559789,0.0449907339408537,0.9620527011946324,0.3333333333333333,40,1.6135568618774414
vowel,manhattan,kd_tree,8,0.4066700056162326,0.0317533213067784,0.9343205316993622,0.2919191919191919,34,1.4760000705718994
vowel,manhattan,kd_tree,9,0.3840426054517779,0.0284698717471224,0.9725399927210256,0.2606060606060606,30,1.4910013675689695
vowel,manhattan,kd_tree,10,0.427183217580602,0.0136232367692243,0.9488268801200966,0.202020202020202,19,1.5889997482299805
vowel,manhattan,kd_tree,11,0.4060412928779394,0.0131674979192545,0.9862502571973614,0.1949494949494949,18,1.7040002346038818
vowel,manhattan,kd_tree,12,0.4017971306807382,0.0160269012902749,0.9973583402035056,0.1939393939393939,17,1.6010961532592771
vowel,manhattan,kd_tree,13,0.4757166212386758,0.0039854851913192,0.8990135627017308,0.1393939393939394,8,1.671999216079712
vowel,manhattan,kd_tree,14,0.4321710693216273,0.0058178897915073,0.9584279917453216,0.1454545454545454,9,1.6050021648406982
vowel,manhattan,kd_tree,15,0.3915637279212583,0.0065550901312737,1.0295908759664287,0.1555555555555555,10,1.57300066947937
